0 verbose cli /usr/local/bin/node /Users/alex/.npm-global/bin/npm
1 info using npm@11.5.2
2 info using node@v22.17.1
3 silly config load:file:/Users/alex/.npm-global/lib/node_modules/npm/npmrc
4 silly config load:file:/Users/alex/Develop/daoime/flash_speech/flash_speech_app/.npmrc
5 silly config load:file:/Users/alex/.npmrc
6 silly config load:file:/Users/alex/.npm-global/etc/npmrc
7 verbose title npm install
8 verbose argv "install"
9 verbose logfile logs-max:10 dir:/Users/alex/Develop/daoime/flash_speech/flash_speech_app/.npm-cache/_logs/2026-02-11T17_36_21_984Z-
10 verbose logfile /Users/alex/Develop/daoime/flash_speech/flash_speech_app/.npm-cache/_logs/2026-02-11T17_36_21_984Z-debug-0.log
11 silly logfile start cleaning logs, removing 1 files
12 silly packumentCache heap:4345298944 maxSize:1086324736 maxEntrySize:543162368
13 silly logfile done cleaning log files
14 silly idealTree buildDeps
15 silly fetch manifest react@^19.2.4
16 silly packumentCache full:https://registry.npmmirror.com/react cache-miss
17 verbose shrinkwrap failed to load node_modules/.package-lock.json out of date, updated: node_modules
18 http fetch GET 200 https://registry.npmmirror.com/react 172ms (cache revalidated)
19 silly packumentCache full:https://registry.npmmirror.com/react set size:6201379 disposed:false
20 silly fetch manifest react-dom@^19.2.4
21 silly packumentCache full:https://registry.npmmirror.com/react-dom cache-miss
22 http fetch GET 200 https://registry.npmmirror.com/react-dom 49ms (cache revalidated)
23 silly packumentCache full:https://registry.npmmirror.com/react-dom set size:8270231 disposed:false
24 silly fetch manifest @tauri-apps/api@^2.10.1
25 silly packumentCache full:https://registry.npmmirror.com/@tauri-apps%2fapi cache-miss
26 http fetch GET 200 https://registry.npmmirror.com/@tauri-apps%2fapi 82ms (cache revalidated)
27 silly packumentCache full:https://registry.npmmirror.com/@tauri-apps%2fapi set size:357641 disposed:false
28 silly fetch manifest @tauri-apps/cli@^2.10.0
29 silly packumentCache full:https://registry.npmmirror.com/@tauri-apps%2fcli cache-miss
30 http fetch GET 200 https://registry.npmmirror.com/@tauri-apps%2fcli 86ms (cache revalidated)
31 silly packumentCache full:https://registry.npmmirror.com/@tauri-apps%2fcli set size:661399 disposed:false
32 silly fetch manifest @types/react@^19.2.14
33 silly packumentCache full:https://registry.npmmirror.com/@types%2freact cache-miss
34 http fetch GET 200 https://registry.npmmirror.com/@types%2freact 32ms (cache revalidated)
35 silly packumentCache full:https://registry.npmmirror.com/@types%2freact set size:2437450 disposed:false
36 silly fetch manifest @types/react-dom@^19.2.3
37 silly packumentCache full:https://registry.npmmirror.com/@types%2freact-dom cache-miss
38 http fetch GET 200 https://registry.npmmirror.com/@types%2freact-dom 40ms (cache revalidated)
39 silly packumentCache full:https://registry.npmmirror.com/@types%2freact-dom set size:398502 disposed:false
40 silly fetch manifest @vitejs/plugin-react@^5.1.4
41 silly packumentCache full:https://registry.npmmirror.com/@vitejs%2fplugin-react cache-miss
42 http fetch GET 200 https://registry.npmmirror.com/@vitejs%2fplugin-react 43ms (cache revalidated)
43 silly packumentCache full:https://registry.npmmirror.com/@vitejs%2fplugin-react set size:256496 disposed:false
44 silly fetch manifest vite@^7.3.1
45 silly packumentCache full:https://registry.npmmirror.com/vite cache-miss
46 http fetch GET 200 https://registry.npmmirror.com/vite 85ms (cache revalidated)
47 silly packumentCache full:https://registry.npmmirror.com/vite set size:38538802 disposed:false
48 silly fetch manifest @types/node@^20.19.0 || >=22.12.0
49 silly packumentCache full:https://registry.npmmirror.com/@types%2fnode cache-miss
50 http fetch GET 200 https://registry.npmmirror.com/@types%2fnode 44ms (cache revalidated)
51 silly packumentCache full:https://registry.npmmirror.com/@types%2fnode set size:10096782 disposed:false
52 silly fetch manifest jiti@>=1.21.0
53 silly packumentCache full:https://registry.npmmirror.com/jiti cache-miss
54 http fetch GET 200 https://registry.npmmirror.com/jiti 37ms (cache revalidated)
55 silly packumentCache full:https://registry.npmmirror.com/jiti set size:343421 disposed:false
56 silly fetch manifest less@^4.0.0
57 silly packumentCache full:https://registry.npmmirror.com/less cache-miss
58 http fetch GET 200 https://registry.npmmirror.com/less 27ms (cache revalidated)
59 silly packumentCache full:https://registry.npmmirror.com/less set size:398393 disposed:false
60 silly fetch manifest lightningcss@^1.21.0
61 silly packumentCache full:https://registry.npmmirror.com/lightningcss cache-miss
62 http fetch GET 200 https://registry.npmmirror.com/lightningcss 26ms (cache revalidated)
63 silly packumentCache full:https://registry.npmmirror.com/lightningcss set size:187218 disposed:false
64 silly fetch manifest sass@^1.70.0
65 silly packumentCache full:https://registry.npmmirror.com/sass cache-miss
66 http fetch GET 200 https://registry.npmmirror.com/sass 26ms (cache revalidated)
67 silly packumentCache full:https://registry.npmmirror.com/sass set size:596474 disposed:false
68 silly fetch manifest sass-embedded@^1.70.0
69 silly packumentCache full:https://registry.npmmirror.com/sass-embedded cache-miss
70 http fetch GET 200 https://registry.npmmirror.com/sass-embedded 79ms (cache miss)
71 silly packumentCache full:https://registry.npmmirror.com/sass-embedded set size:74027 disposed:false
72 silly fetch manifest stylus@>=0.54.8
73 silly packumentCache full:https://registry.npmmirror.com/stylus cache-miss
74 http fetch GET 200 https://registry.npmmirror.com/stylus 26ms (cache revalidated)
75 silly packumentCache full:https://registry.npmmirror.com/stylus set size:312391 disposed:false
76 silly fetch manifest sugarss@^5.0.0
77 silly packumentCache full:https://registry.npmmirror.com/sugarss cache-miss
78 http fetch GET 200 https://registry.npmmirror.com/sugarss 26ms (cache revalidated)
79 silly packumentCache full:https://registry.npmmirror.com/sugarss set size:38248 disposed:false
80 silly fetch manifest postcss@^8.3.3
81 silly packumentCache full:https://registry.npmmirror.com/postcss cache-miss
82 http fetch GET 200 https://registry.npmmirror.com/postcss 26ms (cache revalidated)
83 silly packumentCache full:https://registry.npmmirror.com/postcss set size:611725 disposed:false
84 silly fetch manifest terser@^5.16.0
85 silly packumentCache full:https://registry.npmmirror.com/terser cache-miss
86 http fetch GET 200 https://registry.npmmirror.com/terser 27ms (cache revalidated)
87 silly packumentCache full:https://registry.npmmirror.com/terser set size:686778 disposed:false
88 silly fetch manifest tsx@^4.8.1
89 silly packumentCache full:https://registry.npmmirror.com/tsx cache-miss
90 http fetch GET 200 https://registry.npmmirror.com/tsx 33ms (cache revalidated)
91 silly packumentCache full:https://registry.npmmirror.com/tsx set size:303047 disposed:false
92 silly fetch manifest yaml@^2.4.2
93 silly packumentCache full:https://registry.npmmirror.com/yaml cache-miss
94 http fetch GET 200 https://registry.npmmirror.com/yaml 26ms (cache revalidated)
95 silly packumentCache full:https://registry.npmmirror.com/yaml set size:322469 disposed:false
96 silly placeDep ROOT @tauri-apps/api@2.10.1 REPLACE for: flash-speech@0.1.0 want: ^2.10.1
97 silly placeDep ROOT @tauri-apps/cli@2.10.0 REPLACE for: flash-speech@0.1.0 want: ^2.10.0
98 silly placeDep ROOT @types/react@19.2.14 REPLACE for: flash-speech@0.1.0 want: ^19.2.14
99 silly placeDep ROOT @types/react-dom@19.2.3 REPLACE for: flash-speech@0.1.0 want: ^19.2.3
100 silly placeDep ROOT @vitejs/plugin-react@5.1.4 REPLACE for: flash-speech@0.1.0 want: ^5.1.4
101 silly placeDep ROOT react@19.2.4 REPLACE for: flash-speech@0.1.0 want: ^19.2.4
102 silly placeDep ROOT react-dom@19.2.4 REPLACE for: flash-speech@0.1.0 want: ^19.2.4
103 silly placeDep ROOT vite@7.3.1 REPLACE for: flash-speech@0.1.0 want: ^7.3.1
104 silly fetch manifest @tauri-apps/cli-linux-x64-gnu@2.10.0
105 silly packumentCache full:https://registry.npmmirror.com/@tauri-apps%2fcli-linux-x64-gnu cache-miss
106 silly fetch manifest @tauri-apps/cli-win32-x64-msvc@2.10.0
107 silly packumentCache full:https://registry.npmmirror.com/@tauri-apps%2fcli-win32-x64-msvc cache-miss
108 silly fetch manifest @tauri-apps/cli-darwin-x64@2.10.0
109 silly packumentCache full:https://registry.npmmirror.com/@tauri-apps%2fcli-darwin-x64 cache-miss
110 silly fetch manifest @tauri-apps/cli-darwin-arm64@2.10.0
111 silly packumentCache full:https://registry.npmmirror.com/@tauri-apps%2fcli-darwin-arm64 cache-miss
112 silly fetch manifest @tauri-apps/cli-linux-arm64-gnu@2.10.0
113 silly packumentCache full:https://registry.npmmirror.com/@tauri-apps%2fcli-linux-arm64-gnu cache-miss
114 silly fetch manifest @tauri-apps/cli-linux-arm64-musl@2.10.0
115 silly packumentCache full:https://registry.npmmirror.com/@tauri-apps%2fcli-linux-arm64-musl cache-miss
116 silly fetch manifest @tauri-apps/cli-linux-arm-gnueabihf@2.10.0
117 silly packumentCache full:https://registry.npmmirror.com/@tauri-apps%2fcli-linux-arm-gnueabihf cache-miss
118 silly fetch manifest @tauri-apps/cli-linux-x64-musl@2.10.0
119 silly packumentCache full:https://registry.npmmirror.com/@tauri-apps%2fcli-linux-x64-musl cache-miss
120 silly fetch manifest @tauri-apps/cli-linux-riscv64-gnu@2.10.0
121 silly packumentCache full:https://registry.npmmirror.com/@tauri-apps%2fcli-linux-riscv64-gnu cache-miss
122 http fetch GET 200 https://registry.npmmirror.com/@tauri-apps%2fcli-linux-riscv64-gnu 80ms (cache miss)
123 silly packumentCache full:https://registry.npmmirror.com/@tauri-apps%2fcli-linux-riscv64-gnu set size:8776 disposed:false
124 silly fetch manifest @tauri-apps/cli-win32-ia32-msvc@2.10.0
125 silly packumentCache full:https://registry.npmmirror.com/@tauri-apps%2fcli-win32-ia32-msvc cache-miss
126 http fetch GET 200 https://registry.npmmirror.com/@tauri-apps%2fcli-linux-x64-gnu 104ms (cache revalidated)
127 silly packumentCache full:https://registry.npmmirror.com/@tauri-apps%2fcli-linux-x64-gnu set size:315263 disposed:false
128 silly fetch manifest @tauri-apps/cli-win32-arm64-msvc@2.10.0
129 silly packumentCache full:https://registry.npmmirror.com/@tauri-apps%2fcli-win32-arm64-msvc cache-miss
130 http fetch GET 200 https://registry.npmmirror.com/@tauri-apps%2fcli-linux-arm-gnueabihf 115ms (cache revalidated)
131 silly packumentCache full:https://registry.npmmirror.com/@tauri-apps%2fcli-linux-arm-gnueabihf set size:321204 disposed:false
132 silly fetch manifest @rolldown/pluginutils@1.0.0-rc.3
133 silly packumentCache full:https://registry.npmmirror.com/@rolldown%2fpluginutils cache-miss
134 http fetch GET 200 https://registry.npmmirror.com/@tauri-apps%2fcli-linux-arm64-musl 118ms (cache revalidated)
135 silly packumentCache full:https://registry.npmmirror.com/@tauri-apps%2fcli-linux-arm64-musl set size:320278 disposed:false
136 silly fetch manifest react-refresh@^0.18.0
137 silly packumentCache full:https://registry.npmmirror.com/react-refresh cache-miss
138 http fetch GET 200 https://registry.npmmirror.com/@tauri-apps%2fcli-darwin-x64 122ms (cache revalidated)
139 silly packumentCache full:https://registry.npmmirror.com/@tauri-apps%2fcli-darwin-x64 set size:311446 disposed:false
140 silly fetch manifest scheduler@^0.27.0
141 silly packumentCache full:https://registry.npmmirror.com/scheduler cache-miss
142 http fetch GET 200 https://registry.npmmirror.com/@tauri-apps%2fcli-darwin-arm64 126ms (cache revalidated)
143 silly packumentCache full:https://registry.npmmirror.com/@tauri-apps%2fcli-darwin-arm64 set size:312060 disposed:false
144 silly fetch manifest esbuild@^0.27.0
145 silly packumentCache full:https://registry.npmmirror.com/esbuild cache-miss
146 http fetch GET 200 https://registry.npmmirror.com/@tauri-apps%2fcli-linux-arm64-gnu 128ms (cache revalidated)
147 silly packumentCache full:https://registry.npmmirror.com/@tauri-apps%2fcli-linux-arm64-gnu set size:317590 disposed:false
148 silly fetch manifest fdir@^6.5.0
149 silly packumentCache full:https://registry.npmmirror.com/fdir cache-miss
150 http fetch GET 200 https://registry.npmmirror.com/@rolldown%2fpluginutils 24ms (cache revalidated)
151 silly packumentCache full:https://registry.npmmirror.com/@rolldown%2fpluginutils set size:270739 disposed:false
152 silly fetch manifest picomatch@^4.0.3
153 silly packumentCache full:https://registry.npmmirror.com/picomatch cache-miss
154 http fetch GET 200 https://registry.npmmirror.com/@tauri-apps%2fcli-win32-x64-msvc 151ms (cache revalidated)
155 silly packumentCache full:https://registry.npmmirror.com/@tauri-apps%2fcli-win32-x64-msvc set size:313820 disposed:false
156 silly fetch manifest rollup@^4.43.0
157 silly packumentCache full:https://registry.npmmirror.com/rollup cache-miss
158 http fetch GET 200 https://registry.npmmirror.com/react-refresh 40ms (cache revalidated)
159 silly packumentCache full:https://registry.npmmirror.com/react-refresh set size:5929610 disposed:false
160 http fetch GET 200 https://registry.npmmirror.com/@tauri-apps%2fcli-win32-arm64-msvc 98ms (cache revalidated)
161 silly packumentCache full:https://registry.npmmirror.com/@tauri-apps%2fcli-win32-arm64-msvc set size:217058 disposed:false
162 http fetch GET 200 https://registry.npmmirror.com/picomatch 63ms (cache revalidated)
163 silly packumentCache full:https://registry.npmmirror.com/picomatch set size:99804 disposed:false
164 http fetch GET 200 https://registry.npmmirror.com/esbuild 80ms (cache revalidated)
165 silly packumentCache full:https://registry.npmmirror.com/esbuild set size:992095 disposed:false
166 http fetch GET 200 https://registry.npmmirror.com/scheduler 95ms (cache revalidated)
167 silly packumentCache full:https://registry.npmmirror.com/scheduler set size:5115183 disposed:false
168 http fetch GET 200 https://registry.npmmirror.com/fdir 106ms (cache revalidated)
169 silly packumentCache full:https://registry.npmmirror.com/fdir set size:111746 disposed:false
170 http fetch GET 200 https://registry.npmmirror.com/@tauri-apps%2fcli-win32-ia32-msvc 157ms (cache revalidated)
171 silly packumentCache full:https://registry.npmmirror.com/@tauri-apps%2fcli-win32-ia32-msvc set size:302123 disposed:false
172 http fetch GET 200 https://registry.npmmirror.com/@tauri-apps%2fcli-linux-x64-musl 277ms (cache revalidated)
173 silly packumentCache full:https://registry.npmmirror.com/@tauri-apps%2fcli-linux-x64-musl set size:317939 disposed:false
174 http fetch GET 200 https://registry.npmmirror.com/rollup 135ms (cache revalidated)
175 silly packumentCache full:https://registry.npmmirror.com/rollup set size:5792373 disposed:false
176 silly placeDep ROOT @tauri-apps/cli-darwin-arm64@2.10.0 OK for: @tauri-apps/cli@2.10.0 want: 2.10.0
177 silly placeDep ROOT @tauri-apps/cli-darwin-x64@2.10.0 OK for: @tauri-apps/cli@2.10.0 want: 2.10.0
178 silly placeDep ROOT @tauri-apps/cli-linux-arm-gnueabihf@2.10.0 OK for: @tauri-apps/cli@2.10.0 want: 2.10.0
179 silly placeDep ROOT @tauri-apps/cli-linux-arm64-gnu@2.10.0 OK for: @tauri-apps/cli@2.10.0 want: 2.10.0
180 silly placeDep ROOT @tauri-apps/cli-linux-arm64-musl@2.10.0 OK for: @tauri-apps/cli@2.10.0 want: 2.10.0
181 silly placeDep ROOT @tauri-apps/cli-linux-riscv64-gnu@2.10.0 OK for: @tauri-apps/cli@2.10.0 want: 2.10.0
182 silly placeDep ROOT @tauri-apps/cli-linux-x64-gnu@2.10.0 OK for: @tauri-apps/cli@2.10.0 want: 2.10.0
183 silly placeDep ROOT @tauri-apps/cli-linux-x64-musl@2.10.0 OK for: @tauri-apps/cli@2.10.0 want: 2.10.0
184 silly placeDep ROOT @tauri-apps/cli-win32-arm64-msvc@2.10.0 OK for: @tauri-apps/cli@2.10.0 want: 2.10.0
185 silly placeDep ROOT @tauri-apps/cli-win32-ia32-msvc@2.10.0 OK for: @tauri-apps/cli@2.10.0 want: 2.10.0
186 silly placeDep ROOT @tauri-apps/cli-win32-x64-msvc@2.10.0 OK for: @tauri-apps/cli@2.10.0 want: 2.10.0
187 silly placeDep ROOT @rolldown/pluginutils@1.0.0-rc.3 OK for: @vitejs/plugin-react@5.1.4 want: 1.0.0-rc.3
188 silly placeDep ROOT react-refresh@0.18.0 OK for: @vitejs/plugin-react@5.1.4 want: ^0.18.0
189 silly fetch manifest react@^18.0.0
190 silly packumentCache full:https://registry.npmmirror.com/react cache-miss
191 http cache https://registry.npmmirror.com/react 13ms (cache hit)
192 silly packumentCache full:https://registry.npmmirror.com/react set size:6201379 disposed:false
193 silly fetch manifest react-dom@^18.0.0
194 silly packumentCache full:https://registry.npmmirror.com/react-dom cache-miss
195 http cache https://registry.npmmirror.com/react-dom 15ms (cache hit)
196 silly packumentCache full:https://registry.npmmirror.com/react-dom set size:8270231 disposed:false
197 warn ERESOLVE overriding peer dependency {
197 warn ERESOLVE   code: 'ERESOLVE',
197 warn ERESOLVE   edge: {
197 warn ERESOLVE     type: 'peerOptional',
197 warn ERESOLVE     name: 'react',
197 warn ERESOLVE     spec: '^18.0.0',
197 warn ERESOLVE     error: 'INVALID',
197 warn ERESOLVE     from: {
197 warn ERESOLVE       name: 'framer-motion',
197 warn ERESOLVE       version: '10.18.0',
197 warn ERESOLVE       location: 'node_modules/framer-motion',
197 warn ERESOLVE       isWorkspace: false,
197 warn ERESOLVE       dependents: []
197 warn ERESOLVE     }
197 warn ERESOLVE   },
197 warn ERESOLVE   dep: {
197 warn ERESOLVE     name: 'react',
197 warn ERESOLVE     version: '18.3.1',
197 warn ERESOLVE     whileInstalling: {
197 warn ERESOLVE       name: 'framer-motion',
197 warn ERESOLVE       version: '10.18.0',
197 warn ERESOLVE       path: '/Users/alex/Develop/daoime/flash_speech/flash_speech_app/node_modules/framer-motion'
197 warn ERESOLVE     },
197 warn ERESOLVE     location: 'node_modules/react',
197 warn ERESOLVE     isWorkspace: false,
197 warn ERESOLVE     dependents: [ [Object] ]
197 warn ERESOLVE   },
197 warn ERESOLVE   force: false,
197 warn ERESOLVE   isMine: false,
197 warn ERESOLVE   strictPeerDeps: false,
197 warn ERESOLVE   current: {
197 warn ERESOLVE     name: 'react',
197 warn ERESOLVE     version: '19.2.4',
197 warn ERESOLVE     location: 'node_modules/react',
197 warn ERESOLVE     isWorkspace: false,
197 warn ERESOLVE     dependents: [ [Object], [Object] ]
197 warn ERESOLVE   },
197 warn ERESOLVE   peerConflict: {
197 warn ERESOLVE     current: {
197 warn ERESOLVE       name: 'react',
197 warn ERESOLVE       version: '19.2.4',
197 warn ERESOLVE       location: 'node_modules/react',
197 warn ERESOLVE       isWorkspace: false,
197 warn ERESOLVE       dependents: [Array]
197 warn ERESOLVE     },
197 warn ERESOLVE     peer: {
197 warn ERESOLVE       name: 'react',
197 warn ERESOLVE       version: '18.3.1',
197 warn ERESOLVE       whileInstalling: [Object],
197 warn ERESOLVE       location: 'node_modules/react',
197 warn ERESOLVE       isWorkspace: false,
197 warn ERESOLVE       dependents: [Array]
197 warn ERESOLVE     }
197 warn ERESOLVE   }
197 warn ERESOLVE }
198 warn ERESOLVE overriding peer dependency {
198 warn ERESOLVE   code: 'ERESOLVE',
198 warn ERESOLVE   edge: {
198 warn ERESOLVE     type: 'peerOptional',
198 warn ERESOLVE     name: 'react-dom',
198 warn ERESOLVE     spec: '^18.0.0',
198 warn ERESOLVE     error: 'INVALID',
198 warn ERESOLVE     from: {
198 warn ERESOLVE       name: 'framer-motion',
198 warn ERESOLVE       version: '10.18.0',
198 warn ERESOLVE       location: 'node_modules/framer-motion',
198 warn ERESOLVE       isWorkspace: false,
198 warn ERESOLVE       dependents: []
198 warn ERESOLVE     }
198 warn ERESOLVE   },
198 warn ERESOLVE   dep: {
198 warn ERESOLVE     name: 'react-dom',
198 warn ERESOLVE     version: '18.3.1',
198 warn ERESOLVE     whileInstalling: {
198 warn ERESOLVE       name: 'framer-motion',
198 warn ERESOLVE       version: '10.18.0',
198 warn ERESOLVE       path: '/Users/alex/Develop/daoime/flash_speech/flash_speech_app/node_modules/framer-motion'
198 warn ERESOLVE     },
198 warn ERESOLVE     location: 'node_modules/react-dom',
198 warn ERESOLVE     isWorkspace: false,
198 warn ERESOLVE     dependents: [ [Object] ]
198 warn ERESOLVE   },
198 warn ERESOLVE   force: false,
198 warn ERESOLVE   isMine: false,
198 warn ERESOLVE   strictPeerDeps: false,
198 warn ERESOLVE   current: {
198 warn ERESOLVE     name: 'react-dom',
198 warn ERESOLVE     version: '19.2.4',
198 warn ERESOLVE     location: 'node_modules/react-dom',
198 warn ERESOLVE     isWorkspace: false,
198 warn ERESOLVE     dependents: [ [Object] ]
198 warn ERESOLVE   },
198 warn ERESOLVE   peerConflict: {
198 warn ERESOLVE     current: {
198 warn ERESOLVE       name: 'react-dom',
198 warn ERESOLVE       version: '19.2.4',
198 warn ERESOLVE       location: 'node_modules/react-dom',
198 warn ERESOLVE       isWorkspace: false,
198 warn ERESOLVE       dependents: [Array]
198 warn ERESOLVE     },
198 warn ERESOLVE     peer: {
198 warn ERESOLVE       name: 'react-dom',
198 warn ERESOLVE       version: '18.3.1',
198 warn ERESOLVE       whileInstalling: [Object],
198 warn ERESOLVE       location: 'node_modules/react-dom',
198 warn ERESOLVE       isWorkspace: false,
198 warn ERESOLVE       dependents: [Array]
198 warn ERESOLVE     }
198 warn ERESOLVE   }
198 warn ERESOLVE }
199 silly fetch manifest react@^16.5.1 || ^17.0.0 || ^18.0.0
200 silly packumentCache full:https://registry.npmmirror.com/react cache-miss
201 http cache https://registry.npmmirror.com/react 10ms (cache hit)
202 silly packumentCache full:https://registry.npmmirror.com/react set size:6201379 disposed:false
203 warn ERESOLVE overriding peer dependency {
203 warn ERESOLVE   code: 'ERESOLVE',
203 warn ERESOLVE   edge: {
203 warn ERESOLVE     type: 'peer',
203 warn ERESOLVE     name: 'react',
203 warn ERESOLVE     spec: '^16.5.1 || ^17.0.0 || ^18.0.0',
203 warn ERESOLVE     error: 'INVALID',
203 warn ERESOLVE     from: {
203 warn ERESOLVE       name: 'lucide-react',
203 warn ERESOLVE       version: '0.292.0',
203 warn ERESOLVE       location: 'node_modules/lucide-react',
203 warn ERESOLVE       isWorkspace: false,
203 warn ERESOLVE       dependents: []
203 warn ERESOLVE     }
203 warn ERESOLVE   },
203 warn ERESOLVE   dep: {
203 warn ERESOLVE     name: 'react',
203 warn ERESOLVE     version: '18.3.1',
203 warn ERESOLVE     whileInstalling: {
203 warn ERESOLVE       name: 'lucide-react',
203 warn ERESOLVE       version: '0.292.0',
203 warn ERESOLVE       path: '/Users/alex/Develop/daoime/flash_speech/flash_speech_app/node_modules/lucide-react'
203 warn ERESOLVE     },
203 warn ERESOLVE     location: 'node_modules/react',
203 warn ERESOLVE     isWorkspace: false,
203 warn ERESOLVE     dependents: [ [Object] ]
203 warn ERESOLVE   },
203 warn ERESOLVE   force: false,
203 warn ERESOLVE   isMine: false,
203 warn ERESOLVE   strictPeerDeps: false,
203 warn ERESOLVE   current: {
203 warn ERESOLVE     name: 'react',
203 warn ERESOLVE     version: '19.2.4',
203 warn ERESOLVE     location: 'node_modules/react',
203 warn ERESOLVE     isWorkspace: false,
203 warn ERESOLVE     dependents: [ [Object], [Object] ]
203 warn ERESOLVE   },
203 warn ERESOLVE   peerConflict: {
203 warn ERESOLVE     current: {
203 warn ERESOLVE       name: 'react',
203 warn ERESOLVE       version: '19.2.4',
203 warn ERESOLVE       location: 'node_modules/react',
203 warn ERESOLVE       isWorkspace: false,
203 warn ERESOLVE       dependents: [Array]
203 warn ERESOLVE     },
203 warn ERESOLVE     peer: {
203 warn ERESOLVE       name: 'react',
203 warn ERESOLVE       version: '18.3.1',
203 warn ERESOLVE       whileInstalling: [Object],
203 warn ERESOLVE       location: 'node_modules/react',
203 warn ERESOLVE       isWorkspace: false,
203 warn ERESOLVE       dependents: [Array]
203 warn ERESOLVE     }
203 warn ERESOLVE   }
203 warn ERESOLVE }
204 silly placeDep ROOT scheduler@0.27.0 OK for: react-dom@19.2.4 want: ^0.27.0
205 silly placeDep ROOT esbuild@0.27.3 OK for: vite@7.3.1 want: ^0.27.0
206 silly placeDep node_modules/vite fdir@6.5.0 OK for: vite@7.3.1 want: ^6.5.0
207 silly placeDep node_modules/vite picomatch@4.0.3 OK for: fdir@6.5.0 want: ^3 || ^4
208 silly placeDep ROOT rollup@4.57.1 OK for: vite@7.3.1 want: ^4.43.0
209 silly fetch manifest @esbuild/aix-ppc64@0.27.3
210 silly packumentCache full:https://registry.npmmirror.com/@esbuild%2faix-ppc64 cache-miss
211 silly fetch manifest @esbuild/android-arm@0.27.3
212 silly packumentCache full:https://registry.npmmirror.com/@esbuild%2fandroid-arm cache-miss
213 silly fetch manifest @esbuild/android-arm64@0.27.3
214 silly packumentCache full:https://registry.npmmirror.com/@esbuild%2fandroid-arm64 cache-miss
215 silly fetch manifest @esbuild/android-x64@0.27.3
216 silly packumentCache full:https://registry.npmmirror.com/@esbuild%2fandroid-x64 cache-miss
217 silly fetch manifest @esbuild/darwin-arm64@0.27.3
218 silly packumentCache full:https://registry.npmmirror.com/@esbuild%2fdarwin-arm64 cache-miss
219 silly fetch manifest @esbuild/darwin-x64@0.27.3
220 silly packumentCache full:https://registry.npmmirror.com/@esbuild%2fdarwin-x64 cache-miss
221 silly fetch manifest @esbuild/freebsd-arm64@0.27.3
222 silly packumentCache full:https://registry.npmmirror.com/@esbuild%2ffreebsd-arm64 cache-miss
223 silly fetch manifest @esbuild/freebsd-x64@0.27.3
224 silly packumentCache full:https://registry.npmmirror.com/@esbuild%2ffreebsd-x64 cache-miss
225 silly fetch manifest @esbuild/linux-arm@0.27.3
226 silly packumentCache full:https://registry.npmmirror.com/@esbuild%2flinux-arm cache-miss
227 http fetch GET 200 https://registry.npmmirror.com/@esbuild%2fandroid-arm64 31ms (cache revalidated)
228 silly packumentCache full:https://registry.npmmirror.com/@esbuild%2fandroid-arm64 set size:204833 disposed:false
229 silly fetch manifest @esbuild/linux-arm64@0.27.3
230 silly packumentCache full:https://registry.npmmirror.com/@esbuild%2flinux-arm64 cache-miss
231 http fetch GET 200 https://registry.npmmirror.com/@esbuild%2ffreebsd-arm64 36ms (cache revalidated)
232 silly packumentCache full:https://registry.npmmirror.com/@esbuild%2ffreebsd-arm64 set size:202867 disposed:false
233 silly fetch manifest @esbuild/linux-ia32@0.27.3
234 silly packumentCache full:https://registry.npmmirror.com/@esbuild%2flinux-ia32 cache-miss
235 http fetch GET 200 https://registry.npmmirror.com/@esbuild%2ffreebsd-x64 38ms (cache revalidated)
236 silly packumentCache full:https://registry.npmmirror.com/@esbuild%2ffreebsd-x64 set size:201176 disposed:false
237 silly fetch manifest @esbuild/linux-loong64@0.27.3
238 silly packumentCache full:https://registry.npmmirror.com/@esbuild%2flinux-loong64 cache-miss
239 http fetch GET 200 https://registry.npmmirror.com/@esbuild%2fandroid-x64 40ms (cache revalidated)
240 silly packumentCache full:https://registry.npmmirror.com/@esbuild%2fandroid-x64 set size:199727 disposed:false
241 silly fetch manifest @esbuild/linux-mips64el@0.27.3
242 silly packumentCache full:https://registry.npmmirror.com/@esbuild%2flinux-mips64el cache-miss
243 http fetch GET 200 https://registry.npmmirror.com/@esbuild%2fandroid-arm 42ms (cache revalidated)
244 silly packumentCache full:https://registry.npmmirror.com/@esbuild%2fandroid-arm set size:226697 disposed:false
245 silly fetch manifest @esbuild/linux-ppc64@0.27.3
246 silly packumentCache full:https://registry.npmmirror.com/@esbuild%2flinux-ppc64 cache-miss
247 http fetch GET 200 https://registry.npmmirror.com/@esbuild%2fdarwin-arm64 43ms (cache revalidated)
248 silly packumentCache full:https://registry.npmmirror.com/@esbuild%2fdarwin-arm64 set size:202016 disposed:false
249 silly fetch manifest @esbuild/linux-riscv64@0.27.3
250 silly packumentCache full:https://registry.npmmirror.com/@esbuild%2flinux-riscv64 cache-miss
251 http fetch GET 200 https://registry.npmmirror.com/@esbuild%2flinux-arm 48ms (cache revalidated)
252 silly packumentCache full:https://registry.npmmirror.com/@esbuild%2flinux-arm set size:199337 disposed:false
253 silly fetch manifest @esbuild/linux-s390x@0.27.3
254 silly packumentCache full:https://registry.npmmirror.com/@esbuild%2flinux-s390x cache-miss
255 http fetch GET 200 https://registry.npmmirror.com/@esbuild%2fdarwin-x64 52ms (cache revalidated)
256 silly packumentCache full:https://registry.npmmirror.com/@esbuild%2fdarwin-x64 set size:200344 disposed:false
257 silly fetch manifest @esbuild/linux-x64@0.27.3
258 silly packumentCache full:https://registry.npmmirror.com/@esbuild%2flinux-x64 cache-miss
259 http fetch GET 200 https://registry.npmmirror.com/@esbuild%2faix-ppc64 56ms (cache miss)
260 silly packumentCache full:https://registry.npmmirror.com/@esbuild%2faix-ppc64 set size:13785 disposed:false
261 silly fetch manifest @esbuild/netbsd-arm64@0.27.3
262 silly packumentCache full:https://registry.npmmirror.com/@esbuild%2fnetbsd-arm64 cache-miss
263 http fetch GET 200 https://registry.npmmirror.com/@esbuild%2flinux-arm64 39ms (cache revalidated)
264 silly packumentCache full:https://registry.npmmirror.com/@esbuild%2flinux-arm64 set size:201368 disposed:false
265 silly fetch manifest @esbuild/netbsd-x64@0.27.3
266 silly packumentCache full:https://registry.npmmirror.com/@esbuild%2fnetbsd-x64 cache-miss
267 http fetch GET 200 https://registry.npmmirror.com/@esbuild%2flinux-ppc64 31ms (cache revalidated)
268 silly packumentCache full:https://registry.npmmirror.com/@esbuild%2flinux-ppc64 set size:203315 disposed:false
269 silly fetch manifest @esbuild/openbsd-arm64@0.27.3
270 silly packumentCache full:https://registry.npmmirror.com/@esbuild%2fopenbsd-arm64 cache-miss
271 http fetch GET 200 https://registry.npmmirror.com/@esbuild%2flinux-mips64el 38ms (cache revalidated)
272 silly packumentCache full:https://registry.npmmirror.com/@esbuild%2flinux-mips64el set size:204978 disposed:false
273 silly fetch manifest @esbuild/openbsd-x64@0.27.3
274 silly packumentCache full:https://registry.npmmirror.com/@esbuild%2fopenbsd-x64 cache-miss
275 http fetch GET 200 https://registry.npmmirror.com/@esbuild%2flinux-ia32 44ms (cache revalidated)
276 silly packumentCache full:https://registry.npmmirror.com/@esbuild%2flinux-ia32 set size:200297 disposed:false
277 silly fetch manifest @esbuild/openharmony-arm64@0.27.3
278 silly packumentCache full:https://registry.npmmirror.com/@esbuild%2fopenharmony-arm64 cache-miss
279 http fetch GET 200 https://registry.npmmirror.com/@esbuild%2flinux-loong64 44ms (cache revalidated)
280 silly packumentCache full:https://registry.npmmirror.com/@esbuild%2flinux-loong64 set size:257760 disposed:false
281 silly fetch manifest @esbuild/sunos-x64@0.27.3
282 silly packumentCache full:https://registry.npmmirror.com/@esbuild%2fsunos-x64 cache-miss
283 http fetch GET 200 https://registry.npmmirror.com/@esbuild%2fnetbsd-arm64 31ms (cache miss)
284 silly packumentCache full:https://registry.npmmirror.com/@esbuild%2fnetbsd-arm64 set size:8187 disposed:false
285 silly fetch manifest @esbuild/win32-arm64@0.27.3
286 silly packumentCache full:https://registry.npmmirror.com/@esbuild%2fwin32-arm64 cache-miss
287 http fetch GET 200 https://registry.npmmirror.com/@esbuild%2flinux-x64 35ms (cache revalidated)
288 silly packumentCache full:https://registry.npmmirror.com/@esbuild%2flinux-x64 set size:199664 disposed:false
289 silly fetch manifest @esbuild/win32-ia32@0.27.3
290 silly packumentCache full:https://registry.npmmirror.com/@esbuild%2fwin32-ia32 cache-miss
291 http fetch GET 200 https://registry.npmmirror.com/@esbuild%2flinux-riscv64 46ms (cache revalidated)
292 silly packumentCache full:https://registry.npmmirror.com/@esbuild%2flinux-riscv64 set size:202989 disposed:false
293 silly fetch manifest @esbuild/win32-x64@0.27.3
294 silly packumentCache full:https://registry.npmmirror.com/@esbuild%2fwin32-x64 cache-miss
295 http fetch GET 200 https://registry.npmmirror.com/@esbuild%2flinux-s390x 44ms (cache revalidated)
296 silly packumentCache full:https://registry.npmmirror.com/@esbuild%2flinux-s390x set size:202811 disposed:false
297 silly fetch manifest @types/estree@1.0.8
298 silly packumentCache full:https://registry.npmmirror.com/@types%2festree cache-miss
299 http fetch GET 200 https://registry.npmmirror.com/@esbuild%2fnetbsd-x64 27ms (cache revalidated)
300 silly packumentCache full:https://registry.npmmirror.com/@esbuild%2fnetbsd-x64 set size:198150 disposed:false
301 silly fetch manifest @rollup/rollup-darwin-arm64@4.57.1
302 silly packumentCache full:https://registry.npmmirror.com/@rollup%2frollup-darwin-arm64 cache-miss
303 http fetch GET 200 https://registry.npmmirror.com/@esbuild%2fopenbsd-arm64 27ms (cache miss)
304 silly packumentCache full:https://registry.npmmirror.com/@esbuild%2fopenbsd-arm64 set size:9323 disposed:false
305 silly fetch manifest @rollup/rollup-android-arm64@4.57.1
306 silly packumentCache full:https://registry.npmmirror.com/@rollup%2frollup-android-arm64 cache-miss
307 http fetch GET 200 https://registry.npmmirror.com/@esbuild%2fopenbsd-x64 32ms (cache revalidated)
308 silly packumentCache full:https://registry.npmmirror.com/@esbuild%2fopenbsd-x64 set size:201182 disposed:false
309 silly fetch manifest @rollup/rollup-win32-arm64-msvc@4.57.1
310 silly packumentCache full:https://registry.npmmirror.com/@rollup%2frollup-win32-arm64-msvc cache-miss
311 http fetch GET 200 https://registry.npmmirror.com/@esbuild%2fwin32-ia32 33ms (cache revalidated)
312 silly packumentCache full:https://registry.npmmirror.com/@esbuild%2fwin32-ia32 set size:200514 disposed:false
313 silly fetch manifest @rollup/rollup-freebsd-arm64@4.57.1
314 silly packumentCache full:https://registry.npmmirror.com/@rollup%2frollup-freebsd-arm64 cache-miss
315 http fetch GET 200 https://registry.npmmirror.com/@esbuild%2fsunos-x64 41ms (cache revalidated)
316 silly packumentCache full:https://registry.npmmirror.com/@esbuild%2fsunos-x64 set size:199894 disposed:false
317 silly fetch manifest @rollup/rollup-linux-arm64-gnu@4.57.1
318 silly packumentCache full:https://registry.npmmirror.com/@rollup%2frollup-linux-arm64-gnu cache-miss
319 http fetch GET 200 https://registry.npmmirror.com/@esbuild%2fwin32-arm64 42ms (cache revalidated)
320 silly packumentCache full:https://registry.npmmirror.com/@esbuild%2fwin32-arm64 set size:201589 disposed:false
321 silly fetch manifest @rollup/rollup-linux-arm64-musl@4.57.1
322 silly packumentCache full:https://registry.npmmirror.com/@rollup%2frollup-linux-arm64-musl cache-miss
323 http fetch GET 200 https://registry.npmmirror.com/@esbuild%2fwin32-x64 42ms (cache revalidated)
324 silly packumentCache full:https://registry.npmmirror.com/@esbuild%2fwin32-x64 set size:199896 disposed:false
325 silly fetch manifest @rollup/rollup-android-arm-eabi@4.57.1
326 silly packumentCache full:https://registry.npmmirror.com/@rollup%2frollup-android-arm-eabi cache-miss
327 http fetch GET 200 https://registry.npmmirror.com/@esbuild%2fopenharmony-arm64 54ms (cache miss)
328 silly packumentCache full:https://registry.npmmirror.com/@esbuild%2fopenharmony-arm64 set size:5266 disposed:false
329 silly fetch manifest @rollup/rollup-linux-arm-gnueabihf@4.57.1
330 silly packumentCache full:https://registry.npmmirror.com/@rollup%2frollup-linux-arm-gnueabihf cache-miss
331 http fetch GET 200 https://registry.npmmirror.com/@types%2festree 49ms (cache miss)
332 silly packumentCache full:https://registry.npmmirror.com/@types%2festree set size:16110 disposed:false
333 silly fetch manifest @rollup/rollup-linux-arm-musleabihf@4.57.1
334 silly packumentCache full:https://registry.npmmirror.com/@rollup%2frollup-linux-arm-musleabihf cache-miss
335 http fetch GET 200 https://registry.npmmirror.com/@rollup%2frollup-darwin-arm64 47ms (cache miss)
336 silly packumentCache full:https://registry.npmmirror.com/@rollup%2frollup-darwin-arm64 set size:66951 disposed:false
337 silly fetch manifest @rollup/rollup-win32-ia32-msvc@4.57.1
338 silly packumentCache full:https://registry.npmmirror.com/@rollup%2frollup-win32-ia32-msvc cache-miss
339 http fetch GET 200 https://registry.npmmirror.com/@rollup%2frollup-android-arm64 52ms (cache miss)
340 silly packumentCache full:https://registry.npmmirror.com/@rollup%2frollup-android-arm64 set size:67181 disposed:false
341 silly fetch manifest @rollup/rollup-linux-loong64-gnu@4.57.1
342 silly packumentCache full:https://registry.npmmirror.com/@rollup%2frollup-linux-loong64-gnu cache-miss
343 http fetch GET 200 https://registry.npmmirror.com/@rollup%2frollup-linux-loong64-gnu 24ms (cache miss)
344 silly packumentCache full:https://registry.npmmirror.com/@rollup%2frollup-linux-loong64-gnu set size:10744 disposed:false
345 silly fetch manifest @rollup/rollup-linux-loong64-musl@4.57.1
346 silly packumentCache full:https://registry.npmmirror.com/@rollup%2frollup-linux-loong64-musl cache-miss
347 http fetch GET 200 https://registry.npmmirror.com/@rollup%2frollup-linux-arm-gnueabihf 44ms (cache miss)
348 silly packumentCache full:https://registry.npmmirror.com/@rollup%2frollup-linux-arm-gnueabihf set size:67574 disposed:false
349 silly fetch manifest @rollup/rollup-linux-riscv64-gnu@4.57.1
350 silly packumentCache full:https://registry.npmmirror.com/@rollup%2frollup-linux-riscv64-gnu cache-miss
351 http fetch GET 200 https://registry.npmmirror.com/@rollup%2frollup-freebsd-arm64 61ms (cache miss)
352 silly packumentCache full:https://registry.npmmirror.com/@rollup%2frollup-freebsd-arm64 set size:35879 disposed:false
353 silly fetch manifest @rollup/rollup-linux-riscv64-musl@4.57.1
354 silly packumentCache full:https://registry.npmmirror.com/@rollup%2frollup-linux-riscv64-musl cache-miss
355 http fetch GET 200 https://registry.npmmirror.com/@rollup%2frollup-win32-ia32-msvc 45ms (cache miss)
356 silly packumentCache full:https://registry.npmmirror.com/@rollup%2frollup-win32-ia32-msvc set size:67569 disposed:false
357 silly fetch manifest @rollup/rollup-linux-ppc64-gnu@4.57.1
358 silly packumentCache full:https://registry.npmmirror.com/@rollup%2frollup-linux-ppc64-gnu cache-miss
359 http fetch GET 200 https://registry.npmmirror.com/@rollup%2frollup-linux-arm64-gnu 68ms (cache miss)
360 silly packumentCache full:https://registry.npmmirror.com/@rollup%2frollup-linux-arm64-gnu set size:67067 disposed:false
361 silly fetch manifest @rollup/rollup-linux-ppc64-musl@4.57.1
362 silly packumentCache full:https://registry.npmmirror.com/@rollup%2frollup-linux-ppc64-musl cache-miss
363 http fetch GET 200 https://registry.npmmirror.com/@rollup%2frollup-linux-arm-musleabihf 58ms (cache miss)
364 silly packumentCache full:https://registry.npmmirror.com/@rollup%2frollup-linux-arm-musleabihf set size:46360 disposed:false
365 silly fetch manifest @rollup/rollup-linux-s390x-gnu@4.57.1
366 silly packumentCache full:https://registry.npmmirror.com/@rollup%2frollup-linux-s390x-gnu cache-miss
367 http fetch GET 200 https://registry.npmmirror.com/@rollup%2frollup-win32-arm64-msvc 90ms (cache miss)
368 silly packumentCache full:https://registry.npmmirror.com/@rollup%2frollup-win32-arm64-msvc set size:67403 disposed:false
369 silly fetch manifest @rollup/rollup-darwin-x64@4.57.1
370 silly packumentCache full:https://registry.npmmirror.com/@rollup%2frollup-darwin-x64 cache-miss
371 http fetch GET 200 https://registry.npmmirror.com/@rollup%2frollup-linux-riscv64-gnu 27ms (cache miss)
372 silly packumentCache full:https://registry.npmmirror.com/@rollup%2frollup-linux-riscv64-gnu set size:52277 disposed:false
373 silly fetch manifest @rollup/rollup-win32-x64-gnu@4.57.1
374 silly packumentCache full:https://registry.npmmirror.com/@rollup%2frollup-win32-x64-gnu cache-miss
375 http fetch GET 200 https://registry.npmmirror.com/@rollup%2frollup-linux-loong64-musl 34ms (cache miss)
376 silly packumentCache full:https://registry.npmmirror.com/@rollup%2frollup-linux-loong64-musl set size:3828 disposed:false
377 silly fetch manifest @rollup/rollup-win32-x64-msvc@4.57.1
378 silly packumentCache full:https://registry.npmmirror.com/@rollup%2frollup-win32-x64-msvc cache-miss
379 http fetch GET 200 https://registry.npmmirror.com/@rollup%2frollup-linux-ppc64-musl 23ms (cache miss)
380 silly packumentCache full:https://registry.npmmirror.com/@rollup%2frollup-linux-ppc64-musl set size:3836 disposed:false
381 silly fetch manifest @rollup/rollup-freebsd-x64@4.57.1
382 silly packumentCache full:https://registry.npmmirror.com/@rollup%2frollup-freebsd-x64 cache-miss
383 http fetch GET 200 https://registry.npmmirror.com/@rollup%2frollup-linux-ppc64-gnu 31ms (cache miss)
384 silly packumentCache full:https://registry.npmmirror.com/@rollup%2frollup-linux-ppc64-gnu set size:15120 disposed:false
385 silly fetch manifest @rollup/rollup-linux-x64-gnu@4.57.1
386 silly packumentCache full:https://registry.npmmirror.com/@rollup%2frollup-linux-x64-gnu cache-miss
387 http fetch GET 200 https://registry.npmmirror.com/@rollup%2frollup-win32-x64-gnu 25ms (cache miss)
388 silly packumentCache full:https://registry.npmmirror.com/@rollup%2frollup-win32-x64-gnu set size:9614 disposed:false
389 silly fetch manifest @rollup/rollup-linux-x64-musl@4.57.1
390 silly packumentCache full:https://registry.npmmirror.com/@rollup%2frollup-linux-x64-musl cache-miss
391 http fetch GET 200 https://registry.npmmirror.com/@rollup%2frollup-linux-arm64-musl 116ms (cache miss)
392 silly packumentCache full:https://registry.npmmirror.com/@rollup%2frollup-linux-arm64-musl set size:58191 disposed:false
393 silly fetch manifest @rollup/rollup-openbsd-x64@4.57.1
394 silly packumentCache full:https://registry.npmmirror.com/@rollup%2frollup-openbsd-x64 cache-miss
395 http fetch GET 200 https://registry.npmmirror.com/@rollup%2frollup-linux-riscv64-musl 62ms (cache miss)
396 silly packumentCache full:https://registry.npmmirror.com/@rollup%2frollup-linux-riscv64-musl set size:20349 disposed:false
397 silly fetch manifest @rollup/rollup-openharmony-arm64@4.57.1
398 silly packumentCache full:https://registry.npmmirror.com/@rollup%2frollup-openharmony-arm64 cache-miss
399 http fetch GET 200 https://registry.npmmirror.com/@rollup%2frollup-freebsd-x64 40ms (cache miss)
400 silly packumentCache full:https://registry.npmmirror.com/@rollup%2frollup-freebsd-x64 set size:35890 disposed:false
401 http fetch GET 200 https://registry.npmmirror.com/@rollup%2frollup-darwin-x64 58ms (cache miss)
402 silly packumentCache full:https://registry.npmmirror.com/@rollup%2frollup-darwin-x64 set size:66356 disposed:false
403 http fetch GET 200 https://registry.npmmirror.com/@rollup%2frollup-win32-x64-msvc 50ms (cache miss)
404 silly packumentCache full:https://registry.npmmirror.com/@rollup%2frollup-win32-x64-msvc set size:66576 disposed:false
405 http fetch GET 200 https://registry.npmmirror.com/@rollup%2frollup-linux-x64-musl 33ms (cache miss)
406 silly packumentCache full:https://registry.npmmirror.com/@rollup%2frollup-linux-x64-musl set size:66629 disposed:false
407 http fetch GET 200 https://registry.npmmirror.com/@rollup%2frollup-openbsd-x64 29ms (cache miss)
408 silly packumentCache full:https://registry.npmmirror.com/@rollup%2frollup-openbsd-x64 set size:3883 disposed:false
409 http fetch GET 200 https://registry.npmmirror.com/@rollup%2frollup-linux-s390x-gnu 75ms (cache miss)
410 silly packumentCache full:https://registry.npmmirror.com/@rollup%2frollup-linux-s390x-gnu set size:47309 disposed:false
411 http fetch GET 200 https://registry.npmmirror.com/@rollup%2frollup-linux-x64-gnu 53ms (cache miss)
412 silly packumentCache full:https://registry.npmmirror.com/@rollup%2frollup-linux-x64-gnu set size:66438 disposed:false
413 http fetch GET 200 https://registry.npmmirror.com/@rollup%2frollup-openharmony-arm64 45ms (cache miss)
414 silly packumentCache full:https://registry.npmmirror.com/@rollup%2frollup-openharmony-arm64 set size:11097 disposed:false
415 http fetch GET 200 https://registry.npmmirror.com/@rollup%2frollup-android-arm-eabi 198ms (cache miss)
416 silly packumentCache full:https://registry.npmmirror.com/@rollup%2frollup-android-arm-eabi set size:67061 disposed:false
417 silly placeDep ROOT @esbuild/aix-ppc64@0.27.3 OK for: esbuild@0.27.3 want: 0.27.3
418 silly placeDep ROOT @esbuild/android-arm@0.27.3 OK for: esbuild@0.27.3 want: 0.27.3
419 silly placeDep ROOT @esbuild/android-arm64@0.27.3 OK for: esbuild@0.27.3 want: 0.27.3
420 silly placeDep ROOT @esbuild/android-x64@0.27.3 OK for: esbuild@0.27.3 want: 0.27.3
421 silly placeDep ROOT @esbuild/darwin-arm64@0.27.3 OK for: esbuild@0.27.3 want: 0.27.3
422 silly placeDep ROOT @esbuild/darwin-x64@0.27.3 OK for: esbuild@0.27.3 want: 0.27.3
423 silly placeDep ROOT @esbuild/freebsd-arm64@0.27.3 OK for: esbuild@0.27.3 want: 0.27.3
424 silly placeDep ROOT @esbuild/freebsd-x64@0.27.3 OK for: esbuild@0.27.3 want: 0.27.3
425 silly placeDep ROOT @esbuild/linux-arm@0.27.3 OK for: esbuild@0.27.3 want: 0.27.3
426 silly placeDep ROOT @esbuild/linux-arm64@0.27.3 OK for: esbuild@0.27.3 want: 0.27.3
427 silly placeDep ROOT @esbuild/linux-ia32@0.27.3 OK for: esbuild@0.27.3 want: 0.27.3
428 silly placeDep ROOT @esbuild/linux-loong64@0.27.3 OK for: esbuild@0.27.3 want: 0.27.3
429 silly placeDep ROOT @esbuild/linux-mips64el@0.27.3 OK for: esbuild@0.27.3 want: 0.27.3
430 silly placeDep ROOT @esbuild/linux-ppc64@0.27.3 OK for: esbuild@0.27.3 want: 0.27.3
431 silly placeDep ROOT @esbuild/linux-riscv64@0.27.3 OK for: esbuild@0.27.3 want: 0.27.3
432 silly placeDep ROOT @esbuild/linux-s390x@0.27.3 OK for: esbuild@0.27.3 want: 0.27.3
433 silly placeDep ROOT @esbuild/linux-x64@0.27.3 OK for: esbuild@0.27.3 want: 0.27.3
434 silly placeDep ROOT @esbuild/netbsd-arm64@0.27.3 OK for: esbuild@0.27.3 want: 0.27.3
435 silly placeDep ROOT @esbuild/netbsd-x64@0.27.3 OK for: esbuild@0.27.3 want: 0.27.3
436 silly placeDep ROOT @esbuild/openbsd-arm64@0.27.3 OK for: esbuild@0.27.3 want: 0.27.3
437 silly placeDep ROOT @esbuild/openbsd-x64@0.27.3 OK for: esbuild@0.27.3 want: 0.27.3
438 silly placeDep ROOT @esbuild/openharmony-arm64@0.27.3 OK for: esbuild@0.27.3 want: 0.27.3
439 silly placeDep ROOT @esbuild/sunos-x64@0.27.3 OK for: esbuild@0.27.3 want: 0.27.3
440 silly placeDep ROOT @esbuild/win32-arm64@0.27.3 OK for: esbuild@0.27.3 want: 0.27.3
441 silly placeDep ROOT @esbuild/win32-ia32@0.27.3 OK for: esbuild@0.27.3 want: 0.27.3
442 silly placeDep ROOT @esbuild/win32-x64@0.27.3 OK for: esbuild@0.27.3 want: 0.27.3
443 silly placeDep ROOT @rollup/rollup-android-arm-eabi@4.57.1 OK for: rollup@4.57.1 want: 4.57.1
444 silly placeDep ROOT @rollup/rollup-android-arm64@4.57.1 OK for: rollup@4.57.1 want: 4.57.1
445 silly placeDep ROOT @rollup/rollup-darwin-arm64@4.57.1 OK for: rollup@4.57.1 want: 4.57.1
446 silly placeDep ROOT @rollup/rollup-darwin-x64@4.57.1 OK for: rollup@4.57.1 want: 4.57.1
447 silly placeDep ROOT @rollup/rollup-freebsd-arm64@4.57.1 OK for: rollup@4.57.1 want: 4.57.1
448 silly placeDep ROOT @rollup/rollup-freebsd-x64@4.57.1 OK for: rollup@4.57.1 want: 4.57.1
449 silly placeDep ROOT @rollup/rollup-linux-arm-gnueabihf@4.57.1 OK for: rollup@4.57.1 want: 4.57.1
450 silly placeDep ROOT @rollup/rollup-linux-arm-musleabihf@4.57.1 OK for: rollup@4.57.1 want: 4.57.1
451 silly placeDep ROOT @rollup/rollup-linux-arm64-gnu@4.57.1 OK for: rollup@4.57.1 want: 4.57.1
452 silly placeDep ROOT @rollup/rollup-linux-arm64-musl@4.57.1 OK for: rollup@4.57.1 want: 4.57.1
453 silly placeDep ROOT @rollup/rollup-linux-loong64-gnu@4.57.1 OK for: rollup@4.57.1 want: 4.57.1
454 silly placeDep ROOT @rollup/rollup-linux-loong64-musl@4.57.1 OK for: rollup@4.57.1 want: 4.57.1
455 silly placeDep ROOT @rollup/rollup-linux-ppc64-gnu@4.57.1 OK for: rollup@4.57.1 want: 4.57.1
456 silly placeDep ROOT @rollup/rollup-linux-ppc64-musl@4.57.1 OK for: rollup@4.57.1 want: 4.57.1
457 silly placeDep ROOT @rollup/rollup-linux-riscv64-gnu@4.57.1 OK for: rollup@4.57.1 want: 4.57.1
458 silly placeDep ROOT @rollup/rollup-linux-riscv64-musl@4.57.1 OK for: rollup@4.57.1 want: 4.57.1
459 silly placeDep ROOT @rollup/rollup-linux-s390x-gnu@4.57.1 OK for: rollup@4.57.1 want: 4.57.1
460 silly placeDep ROOT @rollup/rollup-linux-x64-gnu@4.57.1 OK for: rollup@4.57.1 want: 4.57.1
461 silly placeDep ROOT @rollup/rollup-linux-x64-musl@4.57.1 OK for: rollup@4.57.1 want: 4.57.1
462 silly placeDep ROOT @rollup/rollup-openbsd-x64@4.57.1 OK for: rollup@4.57.1 want: 4.57.1
463 silly placeDep ROOT @rollup/rollup-openharmony-arm64@4.57.1 OK for: rollup@4.57.1 want: 4.57.1
464 silly placeDep ROOT @rollup/rollup-win32-arm64-msvc@4.57.1 OK for: rollup@4.57.1 want: 4.57.1
465 silly placeDep ROOT @rollup/rollup-win32-ia32-msvc@4.57.1 OK for: rollup@4.57.1 want: 4.57.1
466 silly placeDep ROOT @rollup/rollup-win32-x64-gnu@4.57.1 OK for: rollup@4.57.1 want: 4.57.1
467 silly placeDep ROOT @rollup/rollup-win32-x64-msvc@4.57.1 OK for: rollup@4.57.1 want: 4.57.1
468 silly placeDep ROOT @types/estree@1.0.8 OK for: rollup@4.57.1 want: 1.0.8
469 silly reify mark retired [
469 silly reify   '/Users/alex/Develop/daoime/flash_speech/flash_speech_app/node_modules/autoprefixer',
469 silly reify   '/Users/alex/Develop/daoime/flash_speech/flash_speech_app/node_modules/.bin/autoprefixer'
469 silly reify ]
470 silly reify mark retired [
470 silly reify   '/Users/alex/Develop/daoime/flash_speech/flash_speech_app/node_modules/any-promise'
470 silly reify ]
471 silly reify mark retired [
471 silly reify   '/Users/alex/Develop/daoime/flash_speech/flash_speech_app/node_modules/binary-extensions'
471 silly reify ]
472 silly reify mark retired [
472 silly reify   '/Users/alex/Develop/daoime/flash_speech/flash_speech_app/node_modules/braces'
472 silly reify ]
473 silly reify mark retired [
473 silly reify   '/Users/alex/Develop/daoime/flash_speech/flash_speech_app/node_modules/anymatch'
473 silly reify ]
474 silly reify mark retired [
474 silly reify   '/Users/alex/Develop/daoime/flash_speech/flash_speech_app/node_modules/arg'
474 silly reify ]
475 silly reify mark retired [
475 silly reify   '/Users/alex/Develop/daoime/flash_speech/flash_speech_app/node_modules/camelcase-css'
475 silly reify ]
476 silly reify mark retired [
476 silly reify   '/Users/alex/Develop/daoime/flash_speech/flash_speech_app/node_modules/chokidar'
476 silly reify ]
477 silly reify mark retired [
477 silly reify   '/Users/alex/Develop/daoime/flash_speech/flash_speech_app/node_modules/commander'
477 silly reify ]
478 silly reify mark retired [
478 silly reify   '/Users/alex/Develop/daoime/flash_speech/flash_speech_app/node_modules/cssesc',
478 silly reify   '/Users/alex/Develop/daoime/flash_speech/flash_speech_app/node_modules/.bin/cssesc'
478 silly reify ]
479 silly reify mark retired [
479 silly reify   '/Users/alex/Develop/daoime/flash_speech/flash_speech_app/node_modules/clsx'
479 silly reify ]
480 silly reify mark retired [
480 silly reify   '/Users/alex/Develop/daoime/flash_speech/flash_speech_app/node_modules/didyoumean'
480 silly reify ]
481 silly reify mark retired [
481 silly reify   '/Users/alex/Develop/daoime/flash_speech/flash_speech_app/node_modules/dlv'
481 silly reify ]
482 silly reify mark retired [
482 silly reify   '/Users/alex/Develop/daoime/flash_speech/flash_speech_app/node_modules/fast-glob'
482 silly reify ]
483 silly reify mark retired [
483 silly reify   '/Users/alex/Develop/daoime/flash_speech/flash_speech_app/node_modules/esbuild',
483 silly reify   '/Users/alex/Develop/daoime/flash_speech/flash_speech_app/node_modules/.bin/esbuild'
483 silly reify ]
484 silly reify mark retired [
484 silly reify   '/Users/alex/Develop/daoime/flash_speech/flash_speech_app/node_modules/fastq'
484 silly reify ]
485 silly reify mark retired [
485 silly reify   '/Users/alex/Develop/daoime/flash_speech/flash_speech_app/node_modules/fill-range'
485 silly reify ]
486 silly reify mark retired [
486 silly reify   '/Users/alex/Develop/daoime/flash_speech/flash_speech_app/node_modules/fraction.js'
486 silly reify ]
487 silly reify mark retired [
487 silly reify   '/Users/alex/Develop/daoime/flash_speech/flash_speech_app/node_modules/framer-motion'
487 silly reify ]
488 silly reify mark retired [
488 silly reify   '/Users/alex/Develop/daoime/flash_speech/flash_speech_app/node_modules/function-bind'
488 silly reify ]
489 silly reify mark retired [
489 silly reify   '/Users/alex/Develop/daoime/flash_speech/flash_speech_app/node_modules/hasown'
489 silly reify ]
490 silly reify mark retired [
490 silly reify   '/Users/alex/Develop/daoime/flash_speech/flash_speech_app/node_modules/is-core-module'
490 silly reify ]
491 silly reify mark retired [
491 silly reify   '/Users/alex/Develop/daoime/flash_speech/flash_speech_app/node_modules/glob-parent'
491 silly reify ]
492 silly reify mark retired [
492 silly reify   '/Users/alex/Develop/daoime/flash_speech/flash_speech_app/node_modules/is-glob'
492 silly reify ]
493 silly reify mark retired [
493 silly reify   '/Users/alex/Develop/daoime/flash_speech/flash_speech_app/node_modules/jiti',
493 silly reify   '/Users/alex/Develop/daoime/flash_speech/flash_speech_app/node_modules/.bin/jiti'
493 silly reify ]
494 silly reify mark retired [
494 silly reify   '/Users/alex/Develop/daoime/flash_speech/flash_speech_app/node_modules/is-extglob'
494 silly reify ]
495 silly reify mark retired [
495 silly reify   '/Users/alex/Develop/daoime/flash_speech/flash_speech_app/node_modules/is-number'
495 silly reify ]
496 silly reify mark retired [
496 silly reify   '/Users/alex/Develop/daoime/flash_speech/flash_speech_app/node_modules/lilconfig'
496 silly reify ]
497 silly reify mark retired [
497 silly reify   '/Users/alex/Develop/daoime/flash_speech/flash_speech_app/node_modules/loose-envify',
497 silly reify   '/Users/alex/Develop/daoime/flash_speech/flash_speech_app/node_modules/.bin/loose-envify'
497 silly reify ]
498 silly reify mark retired [
498 silly reify   '/Users/alex/Develop/daoime/flash_speech/flash_speech_app/node_modules/lucide-react'
498 silly reify ]
499 silly reify mark retired [
499 silly reify   '/Users/alex/Develop/daoime/flash_speech/flash_speech_app/node_modules/lines-and-columns'
499 silly reify ]
500 silly reify mark retired [
500 silly reify   '/Users/alex/Develop/daoime/flash_speech/flash_speech_app/node_modules/merge2'
500 silly reify ]
501 silly reify mark retired [
501 silly reify   '/Users/alex/Develop/daoime/flash_speech/flash_speech_app/node_modules/object-assign'
501 silly reify ]
502 silly reify mark retired [
502 silly reify   '/Users/alex/Develop/daoime/flash_speech/flash_speech_app/node_modules/object-hash'
502 silly reify ]
503 silly reify mark retired [
503 silly reify   '/Users/alex/Develop/daoime/flash_speech/flash_speech_app/node_modules/normalize-path'
503 silly reify ]
504 silly reify mark retired [
504 silly reify   '/Users/alex/Develop/daoime/flash_speech/flash_speech_app/node_modules/path-parse'
504 silly reify ]
505 silly reify mark retired [
505 silly reify   '/Users/alex/Develop/daoime/flash_speech/flash_speech_app/node_modules/micromatch'
505 silly reify ]
506 silly reify mark retired [
506 silly reify   '/Users/alex/Develop/daoime/flash_speech/flash_speech_app/node_modules/postcss-import'
506 silly reify ]
507 silly reify mark retired [
507 silly reify   '/Users/alex/Develop/daoime/flash_speech/flash_speech_app/node_modules/postcss-js'
507 silly reify ]
508 silly reify mark retired [
508 silly reify   '/Users/alex/Develop/daoime/flash_speech/flash_speech_app/node_modules/pirates'
508 silly reify ]
509 silly reify mark retired [
509 silly reify   '/Users/alex/Develop/daoime/flash_speech/flash_speech_app/node_modules/picomatch'
509 silly reify ]
510 silly reify mark retired [
510 silly reify   '/Users/alex/Develop/daoime/flash_speech/flash_speech_app/node_modules/is-binary-path'
510 silly reify ]
511 silly reify mark retired [
511 silly reify   '/Users/alex/Develop/daoime/flash_speech/flash_speech_app/node_modules/postcss-nested'
511 silly reify ]
512 silly reify mark retired [
512 silly reify   '/Users/alex/Develop/daoime/flash_speech/flash_speech_app/node_modules/postcss-load-config'
512 silly reify ]
513 silly reify mark retired [
513 silly reify   '/Users/alex/Develop/daoime/flash_speech/flash_speech_app/node_modules/postcss-selector-parser'
513 silly reify ]
514 silly reify mark retired [
514 silly reify   '/Users/alex/Develop/daoime/flash_speech/flash_speech_app/node_modules/react'
514 silly reify ]
515 silly reify mark retired [
515 silly reify   '/Users/alex/Develop/daoime/flash_speech/flash_speech_app/node_modules/postcss-value-parser'
515 silly reify ]
516 silly reify mark retired [
516 silly reify   '/Users/alex/Develop/daoime/flash_speech/flash_speech_app/node_modules/queue-microtask'
516 silly reify ]
517 silly reify mark retired [
517 silly reify   '/Users/alex/Develop/daoime/flash_speech/flash_speech_app/node_modules/pify'
517 silly reify ]
518 silly reify mark retired [
518 silly reify   '/Users/alex/Develop/daoime/flash_speech/flash_speech_app/node_modules/react-dom'
518 silly reify ]
519 silly reify mark retired [
519 silly reify   '/Users/alex/Develop/daoime/flash_speech/flash_speech_app/node_modules/readdirp'
519 silly reify ]
520 silly reify mark retired [
520 silly reify   '/Users/alex/Develop/daoime/flash_speech/flash_speech_app/node_modules/react-refresh'
520 silly reify ]
521 silly reify mark retired [
521 silly reify   '/Users/alex/Develop/daoime/flash_speech/flash_speech_app/node_modules/mz'
521 silly reify ]
522 silly reify mark retired [
522 silly reify   '/Users/alex/Develop/daoime/flash_speech/flash_speech_app/node_modules/reusify'
522 silly reify ]
523 silly reify mark retired [
523 silly reify   '/Users/alex/Develop/daoime/flash_speech/flash_speech_app/node_modules/scheduler'
523 silly reify ]
524 silly reify mark retired [
524 silly reify   '/Users/alex/Develop/daoime/flash_speech/flash_speech_app/node_modules/run-parallel'
524 silly reify ]
525 silly reify mark retired [
525 silly reify   '/Users/alex/Develop/daoime/flash_speech/flash_speech_app/node_modules/read-cache'
525 silly reify ]
526 silly reify mark retired [
526 silly reify   '/Users/alex/Develop/daoime/flash_speech/flash_speech_app/node_modules/rollup',
526 silly reify   '/Users/alex/Develop/daoime/flash_speech/flash_speech_app/node_modules/.bin/rollup'
526 silly reify ]
527 silly reify mark retired [
527 silly reify   '/Users/alex/Develop/daoime/flash_speech/flash_speech_app/node_modules/resolve',
527 silly reify   '/Users/alex/Develop/daoime/flash_speech/flash_speech_app/node_modules/.bin/resolve'
527 silly reify ]
528 silly reify mark retired [
528 silly reify   '/Users/alex/Develop/daoime/flash_speech/flash_speech_app/node_modules/sucrase',
528 silly reify   '/Users/alex/Develop/daoime/flash_speech/flash_speech_app/node_modules/.bin/sucrase',
528 silly reify   '/Users/alex/Develop/daoime/flash_speech/flash_speech_app/node_modules/.bin/sucrase-node'
528 silly reify ]
529 silly reify mark retired [
529 silly reify   '/Users/alex/Develop/daoime/flash_speech/flash_speech_app/node_modules/thenify-all'
529 silly reify ]
530 silly reify mark retired [
530 silly reify   '/Users/alex/Develop/daoime/flash_speech/flash_speech_app/node_modules/ts-interface-checker'
530 silly reify ]
531 silly reify mark retired [
531 silly reify   '/Users/alex/Develop/daoime/flash_speech/flash_speech_app/node_modules/thenify'
531 silly reify ]
532 silly reify mark retired [
532 silly reify   '/Users/alex/Develop/daoime/flash_speech/flash_speech_app/node_modules/tailwindcss',
532 silly reify   '/Users/alex/Develop/daoime/flash_speech/flash_speech_app/node_modules/.bin/tailwind',
532 silly reify   '/Users/alex/Develop/daoime/flash_speech/flash_speech_app/node_modules/.bin/tailwindcss'
532 silly reify ]
533 silly reify mark retired [
533 silly reify   '/Users/alex/Develop/daoime/flash_speech/flash_speech_app/node_modules/to-regex-range'
533 silly reify ]
534 silly reify mark retired [
534 silly reify   '/Users/alex/Develop/daoime/flash_speech/flash_speech_app/node_modules/supports-preserve-symlinks-flag'
534 silly reify ]
535 silly reify mark retired [
535 silly reify   '/Users/alex/Develop/daoime/flash_speech/flash_speech_app/node_modules/tslib'
535 silly reify ]
536 silly reify mark retired [
536 silly reify   '/Users/alex/Develop/daoime/flash_speech/flash_speech_app/node_modules/tailwind-merge'
536 silly reify ]
537 silly reify mark retired [
537 silly reify   '/Users/alex/Develop/daoime/flash_speech/flash_speech_app/node_modules/util-deprecate'
537 silly reify ]
538 silly reify mark retired [
538 silly reify   '/Users/alex/Develop/daoime/flash_speech/flash_speech_app/node_modules/vite',
538 silly reify   '/Users/alex/Develop/daoime/flash_speech/flash_speech_app/node_modules/.bin/vite'
538 silly reify ]
539 silly reify mark retired [
539 silly reify   '/Users/alex/Develop/daoime/flash_speech/flash_speech_app/node_modules/undici-types'
539 silly reify ]
540 silly reify mark retired [
540 silly reify   '/Users/alex/Develop/daoime/flash_speech/flash_speech_app/node_modules/@alloc/quick-lru'
540 silly reify ]
541 silly reify mark retired [
541 silly reify   '/Users/alex/Develop/daoime/flash_speech/flash_speech_app/node_modules/@emotion/is-prop-valid'
541 silly reify ]
542 silly reify mark retired [
542 silly reify   '/Users/alex/Develop/daoime/flash_speech/flash_speech_app/node_modules/@esbuild/darwin-arm64'
542 silly reify ]
543 silly reify mark retired [
543 silly reify   '/Users/alex/Develop/daoime/flash_speech/flash_speech_app/node_modules/@emotion/memoize'
543 silly reify ]
544 silly reify mark retired [
544 silly reify   '/Users/alex/Develop/daoime/flash_speech/flash_speech_app/node_modules/@nodelib/fs.scandir'
544 silly reify ]
545 silly reify mark retired [
545 silly reify   '/Users/alex/Develop/daoime/flash_speech/flash_speech_app/node_modules/@nodelib/fs.stat'
545 silly reify ]
546 silly reify mark retired [
546 silly reify   '/Users/alex/Develop/daoime/flash_speech/flash_speech_app/node_modules/@nodelib/fs.walk'
546 silly reify ]
547 silly reify mark retired [
547 silly reify   '/Users/alex/Develop/daoime/flash_speech/flash_speech_app/node_modules/@rolldown/pluginutils'
547 silly reify ]
548 silly reify mark retired [
548 silly reify   '/Users/alex/Develop/daoime/flash_speech/flash_speech_app/node_modules/@tauri-apps/cli-darwin-arm64'
548 silly reify ]
549 silly reify mark retired [
549 silly reify   '/Users/alex/Develop/daoime/flash_speech/flash_speech_app/node_modules/@tauri-apps/api'
549 silly reify ]
550 silly reify mark retired [
550 silly reify   '/Users/alex/Develop/daoime/flash_speech/flash_speech_app/node_modules/@tauri-apps/cli',
550 silly reify   '/Users/alex/Develop/daoime/flash_speech/flash_speech_app/node_modules/.bin/tauri'
550 silly reify ]
551 silly reify mark retired [
551 silly reify   '/Users/alex/Develop/daoime/flash_speech/flash_speech_app/node_modules/@types/prop-types'
551 silly reify ]
552 silly reify mark retired [
552 silly reify   '/Users/alex/Develop/daoime/flash_speech/flash_speech_app/node_modules/@types/node'
552 silly reify ]
553 silly reify mark retired [
553 silly reify   '/Users/alex/Develop/daoime/flash_speech/flash_speech_app/node_modules/@vitejs/plugin-react'
553 silly reify ]
554 silly reify mark retired [
554 silly reify   '/Users/alex/Develop/daoime/flash_speech/flash_speech_app/node_modules/@types/react'
554 silly reify ]
555 silly reify mark retired [
555 silly reify   '/Users/alex/Develop/daoime/flash_speech/flash_speech_app/node_modules/@types/react-dom'
555 silly reify ]
556 silly reify moves {
556 silly reify   '/Users/alex/Develop/daoime/flash_speech/flash_speech_app/node_modules/autoprefixer': '/Users/alex/Develop/daoime/flash_speech/flash_speech_app/node_modules/.autoprefixer-46AgjL1R',
556 silly reify   '/Users/alex/Develop/daoime/flash_speech/flash_speech_app/node_modules/.bin/autoprefixer': '/Users/alex/Develop/daoime/flash_speech/flash_speech_app/node_modules/.bin/.autoprefixer-5TDNqdtN',
556 silly reify   '/Users/alex/Develop/daoime/flash_speech/flash_speech_app/node_modules/any-promise': '/Users/alex/Develop/daoime/flash_speech/flash_speech_app/node_modules/.any-promise-WKqF5sFt',
556 silly reify   '/Users/alex/Develop/daoime/flash_speech/flash_speech_app/node_modules/binary-extensions': '/Users/alex/Develop/daoime/flash_speech/flash_speech_app/node_modules/.binary-extensions-XgD2bq1n',
556 silly reify   '/Users/alex/Develop/daoime/flash_speech/flash_speech_app/node_modules/braces': '/Users/alex/Develop/daoime/flash_speech/flash_speech_app/node_modules/.braces-48laI0wp',
556 silly reify   '/Users/alex/Develop/daoime/flash_speech/flash_speech_app/node_modules/anymatch': '/Users/alex/Develop/daoime/flash_speech/flash_speech_app/node_modules/.anymatch-iIPFA1pe',
556 silly reify   '/Users/alex/Develop/daoime/flash_speech/flash_speech_app/node_modules/arg': '/Users/alex/Develop/daoime/flash_speech/flash_speech_app/node_modules/.arg-SKz3r9Yi',
556 silly reify   '/Users/alex/Develop/daoime/flash_speech/flash_speech_app/node_modules/camelcase-css': '/Users/alex/Develop/daoime/flash_speech/flash_speech_app/node_modules/.camelcase-css-J03ECEAT',
556 silly reify   '/Users/alex/Develop/daoime/flash_speech/flash_speech_app/node_modules/chokidar': '/Users/alex/Develop/daoime/flash_speech/flash_speech_app/node_modules/.chokidar-RJL9a0tj',
556 silly reify   '/Users/alex/Develop/daoime/flash_speech/flash_speech_app/node_modules/commander': '/Users/alex/Develop/daoime/flash_speech/flash_speech_app/node_modules/.commander-5P26XhM3',
556 silly reify   '/Users/alex/Develop/daoime/flash_speech/flash_speech_app/node_modules/cssesc': '/Users/alex/Develop/daoime/flash_speech/flash_speech_app/node_modules/.cssesc-Ko7N2QQa',
556 silly reify   '/Users/alex/Develop/daoime/flash_speech/flash_speech_app/node_modules/.bin/cssesc': '/Users/alex/Develop/daoime/flash_speech/flash_speech_app/node_modules/.bin/.cssesc-ip2rzOrC',
556 silly reify   '/Users/alex/Develop/daoime/flash_speech/flash_speech_app/node_modules/clsx': '/Users/alex/Develop/daoime/flash_speech/flash_speech_app/node_modules/.clsx-B2bC4Mai',
556 silly reify   '/Users/alex/Develop/daoime/flash_speech/flash_speech_app/node_modules/didyoumean': '/Users/alex/Develop/daoime/flash_speech/flash_speech_app/node_modules/.didyoumean-m5i8edAQ',
556 silly reify   '/Users/alex/Develop/daoime/flash_speech/flash_speech_app/node_modules/dlv': '/Users/alex/Develop/daoime/flash_speech/flash_speech_app/node_modules/.dlv-D9Tzh35z',
556 silly reify   '/Users/alex/Develop/daoime/flash_speech/flash_speech_app/node_modules/fast-glob': '/Users/alex/Develop/daoime/flash_speech/flash_speech_app/node_modules/.fast-glob-SJjJeHC6',
556 silly reify   '/Users/alex/Develop/daoime/flash_speech/flash_speech_app/node_modules/esbuild': '/Users/alex/Develop/daoime/flash_speech/flash_speech_app/node_modules/.esbuild-sHewvCa4',
556 silly reify   '/Users/alex/Develop/daoime/flash_speech/flash_speech_app/node_modules/.bin/esbuild': '/Users/alex/Develop/daoime/flash_speech/flash_speech_app/node_modules/.bin/.esbuild-YZzOkqN1',
556 silly reify   '/Users/alex/Develop/daoime/flash_speech/flash_speech_app/node_modules/fastq': '/Users/alex/Develop/daoime/flash_speech/flash_speech_app/node_modules/.fastq-Ns9ZmVqj',
556 silly reify   '/Users/alex/Develop/daoime/flash_speech/flash_speech_app/node_modules/fill-range': '/Users/alex/Develop/daoime/flash_speech/flash_speech_app/node_modules/.fill-range-28gx45aX',
556 silly reify   '/Users/alex/Develop/daoime/flash_speech/flash_speech_app/node_modules/fraction.js': '/Users/alex/Develop/daoime/flash_speech/flash_speech_app/node_modules/.fraction.js-qkFoOenN',
556 silly reify   '/Users/alex/Develop/daoime/flash_speech/flash_speech_app/node_modules/framer-motion': '/Users/alex/Develop/daoime/flash_speech/flash_speech_app/node_modules/.framer-motion-0HtQg3e7',
556 silly reify   '/Users/alex/Develop/daoime/flash_speech/flash_speech_app/node_modules/function-bind': '/Users/alex/Develop/daoime/flash_speech/flash_speech_app/node_modules/.function-bind-n32086gi',
556 silly reify   '/Users/alex/Develop/daoime/flash_speech/flash_speech_app/node_modules/hasown': '/Users/alex/Develop/daoime/flash_speech/flash_speech_app/node_modules/.hasown-bMGsEsGX',
556 silly reify   '/Users/alex/Develop/daoime/flash_speech/flash_speech_app/node_modules/is-core-module': '/Users/alex/Develop/daoime/flash_speech/flash_speech_app/node_modules/.is-core-module-PaFVCiYT',
556 silly reify   '/Users/alex/Develop/daoime/flash_speech/flash_speech_app/node_modules/glob-parent': '/Users/alex/Develop/daoime/flash_speech/flash_speech_app/node_modules/.glob-parent-R40iw6mk',
556 silly reify   '/Users/alex/Develop/daoime/flash_speech/flash_speech_app/node_modules/is-glob': '/Users/alex/Develop/daoime/flash_speech/flash_speech_app/node_modules/.is-glob-ZCk8UiiX',
556 silly reify   '/Users/alex/Develop/daoime/flash_speech/flash_speech_app/node_modules/jiti': '/Users/alex/Develop/daoime/flash_speech/flash_speech_app/node_modules/.jiti-H0Bdox2e',
556 silly reify   '/Users/alex/Develop/daoime/flash_speech/flash_speech_app/node_modules/.bin/jiti': '/Users/alex/Develop/daoime/flash_speech/flash_speech_app/node_modules/.bin/.jiti-Cl9qavpX',
556 silly reify   '/Users/alex/Develop/daoime/flash_speech/flash_speech_app/node_modules/is-extglob': '/Users/alex/Develop/daoime/flash_speech/flash_speech_app/node_modules/.is-extglob-BNoQeWbk',
556 silly reify   '/Users/alex/Develop/daoime/flash_speech/flash_speech_app/node_modules/is-number': '/Users/alex/Develop/daoime/flash_speech/flash_speech_app/node_modules/.is-number-dhCFnlDX',
556 silly reify   '/Users/alex/Develop/daoime/flash_speech/flash_speech_app/node_modules/lilconfig': '/Users/alex/Develop/daoime/flash_speech/flash_speech_app/node_modules/.lilconfig-EDgXUHGu',
556 silly reify   '/Users/alex/Develop/daoime/flash_speech/flash_speech_app/node_modules/loose-envify': '/Users/alex/Develop/daoime/flash_speech/flash_speech_app/node_modules/.loose-envify-CYfYFTxG',
556 silly reify   '/Users/alex/Develop/daoime/flash_speech/flash_speech_app/node_modules/.bin/loose-envify': '/Users/alex/Develop/daoime/flash_speech/flash_speech_app/node_modules/.bin/.loose-envify-xUTZkV2T',
556 silly reify   '/Users/alex/Develop/daoime/flash_speech/flash_speech_app/node_modules/lucide-react': '/Users/alex/Develop/daoime/flash_speech/flash_speech_app/node_modules/.lucide-react-KUeu0ntT',
556 silly reify   '/Users/alex/Develop/daoime/flash_speech/flash_speech_app/node_modules/lines-and-columns': '/Users/alex/Develop/daoime/flash_speech/flash_speech_app/node_modules/.lines-and-columns-Uwr0XJzz',
556 silly reify   '/Users/alex/Develop/daoime/flash_speech/flash_speech_app/node_modules/merge2': '/Users/alex/Develop/daoime/flash_speech/flash_speech_app/node_modules/.merge2-lb9kPp9m',
556 silly reify   '/Users/alex/Develop/daoime/flash_speech/flash_speech_app/node_modules/object-assign': '/Users/alex/Develop/daoime/flash_speech/flash_speech_app/node_modules/.object-assign-miQp66H8',
556 silly reify   '/Users/alex/Develop/daoime/flash_speech/flash_speech_app/node_modules/object-hash': '/Users/alex/Develop/daoime/flash_speech/flash_speech_app/node_modules/.object-hash-fKsAeQhd',
556 silly reify   '/Users/alex/Develop/daoime/flash_speech/flash_speech_app/node_modules/normalize-path': '/Users/alex/Develop/daoime/flash_speech/flash_speech_app/node_modules/.normalize-path-6WaqdLu3',
556 silly reify   '/Users/alex/Develop/daoime/flash_speech/flash_speech_app/node_modules/path-parse': '/Users/alex/Develop/daoime/flash_speech/flash_speech_app/node_modules/.path-parse-9eWlXIiT',
556 silly reify   '/Users/alex/Develop/daoime/flash_speech/flash_speech_app/node_modules/micromatch': '/Users/alex/Develop/daoime/flash_speech/flash_speech_app/node_modules/.micromatch-lDy6Cr6s',
556 silly reify   '/Users/alex/Develop/daoime/flash_speech/flash_speech_app/node_modules/postcss-import': '/Users/alex/Develop/daoime/flash_speech/flash_speech_app/node_modules/.postcss-import-U8Gg9HqL',
556 silly reify   '/Users/alex/Develop/daoime/flash_speech/flash_speech_app/node_modules/postcss-js': '/Users/alex/Develop/daoime/flash_speech/flash_speech_app/node_modules/.postcss-js-ZghUCdE4',
556 silly reify   '/Users/alex/Develop/daoime/flash_speech/flash_speech_app/node_modules/pirates': '/Users/alex/Develop/daoime/flash_speech/flash_speech_app/node_modules/.pirates-J7oL0KZL',
556 silly reify   '/Users/alex/Develop/daoime/flash_speech/flash_speech_app/node_modules/picomatch': '/Users/alex/Develop/daoime/flash_speech/flash_speech_app/node_modules/.picomatch-sm8OZUPb',
556 silly reify   '/Users/alex/Develop/daoime/flash_speech/flash_speech_app/node_modules/is-binary-path': '/Users/alex/Develop/daoime/flash_speech/flash_speech_app/node_modules/.is-binary-path-r187qK0Q',
556 silly reify   '/Users/alex/Develop/daoime/flash_speech/flash_speech_app/node_modules/postcss-nested': '/Users/alex/Develop/daoime/flash_speech/flash_speech_app/node_modules/.postcss-nested-5YU4aejV',
556 silly reify   '/Users/alex/Develop/daoime/flash_speech/flash_speech_app/node_modules/postcss-load-config': '/Users/alex/Develop/daoime/flash_speech/flash_speech_app/node_modules/.postcss-load-config-KKxHlvOQ',
556 silly reify   '/Users/alex/Develop/daoime/flash_speech/flash_speech_app/node_modules/postcss-selector-parser': '/Users/alex/Develop/daoime/flash_speech/flash_speech_app/node_modules/.postcss-selector-parser-c6VVgPuP',
556 silly reify   '/Users/alex/Develop/daoime/flash_speech/flash_speech_app/node_modules/react': '/Users/alex/Develop/daoime/flash_speech/flash_speech_app/node_modules/.react-FSVhUfie',
556 silly reify   '/Users/alex/Develop/daoime/flash_speech/flash_speech_app/node_modules/postcss-value-parser': '/Users/alex/Develop/daoime/flash_speech/flash_speech_app/node_modules/.postcss-value-parser-e5iRuKwn',
556 silly reify   '/Users/alex/Develop/daoime/flash_speech/flash_speech_app/node_modules/queue-microtask': '/Users/alex/Develop/daoime/flash_speech/flash_speech_app/node_modules/.queue-microtask-MzWFEVUR',
556 silly reify   '/Users/alex/Develop/daoime/flash_speech/flash_speech_app/node_modules/pify': '/Users/alex/Develop/daoime/flash_speech/flash_speech_app/node_modules/.pify-bGDc1wPt',
556 silly reify   '/Users/alex/Develop/daoime/flash_speech/flash_speech_app/node_modules/react-dom': '/Users/alex/Develop/daoime/flash_speech/flash_speech_app/node_modules/.react-dom-8LKk3coL',
556 silly reify   '/Users/alex/Develop/daoime/flash_speech/flash_speech_app/node_modules/readdirp': '/Users/alex/Develop/daoime/flash_speech/flash_speech_app/node_modules/.readdirp-lgbCL4kY',
556 silly reify   '/Users/alex/Develop/daoime/flash_speech/flash_speech_app/node_modules/react-refresh': '/Users/alex/Develop/daoime/flash_speech/flash_speech_app/node_modules/.react-refresh-TRqKoGje',
556 silly reify   '/Users/alex/Develop/daoime/flash_speech/flash_speech_app/node_modules/mz': '/Users/alex/Develop/daoime/flash_speech/flash_speech_app/node_modules/.mz-0cwe3Q2P',
556 silly reify   '/Users/alex/Develop/daoime/flash_speech/flash_speech_app/node_modules/reusify': '/Users/alex/Develop/daoime/flash_speech/flash_speech_app/node_modules/.reusify-WpMZ2adi',
556 silly reify   '/Users/alex/Develop/daoime/flash_speech/flash_speech_app/node_modules/scheduler': '/Users/alex/Develop/daoime/flash_speech/flash_speech_app/node_modules/.scheduler-jnJqyhdo',
556 silly reify   '/Users/alex/Develop/daoime/flash_speech/flash_speech_app/node_modules/run-parallel': '/Users/alex/Develop/daoime/flash_speech/flash_speech_app/node_modules/.run-parallel-8ef8GJ8F',
556 silly reify   '/Users/alex/Develop/daoime/flash_speech/flash_speech_app/node_modules/read-cache': '/Users/alex/Develop/daoime/flash_speech/flash_speech_app/node_modules/.read-cache-uijIbSha',
556 silly reify   '/Users/alex/Develop/daoime/flash_speech/flash_speech_app/node_modules/rollup': '/Users/alex/Develop/daoime/flash_speech/flash_speech_app/node_modules/.rollup-19k4IkbN',
556 silly reify   '/Users/alex/Develop/daoime/flash_speech/flash_speech_app/node_modules/.bin/rollup': '/Users/alex/Develop/daoime/flash_speech/flash_speech_app/node_modules/.bin/.rollup-MWHnGmGN',
556 silly reify   '/Users/alex/Develop/daoime/flash_speech/flash_speech_app/node_modules/resolve': '/Users/alex/Develop/daoime/flash_speech/flash_speech_app/node_modules/.resolve-SYPNHwgs',
556 silly reify   '/Users/alex/Develop/daoime/flash_speech/flash_speech_app/node_modules/.bin/resolve': '/Users/alex/Develop/daoime/flash_speech/flash_speech_app/node_modules/.bin/.resolve-46IuRCZX',
556 silly reify   '/Users/alex/Develop/daoime/flash_speech/flash_speech_app/node_modules/sucrase': '/Users/alex/Develop/daoime/flash_speech/flash_speech_app/node_modules/.sucrase-GQo52SFq',
556 silly reify   '/Users/alex/Develop/daoime/flash_speech/flash_speech_app/node_modules/.bin/sucrase': '/Users/alex/Develop/daoime/flash_speech/flash_speech_app/node_modules/.bin/.sucrase-I9YRBwXo',
556 silly reify   '/Users/alex/Develop/daoime/flash_speech/flash_speech_app/node_modules/.bin/sucrase-node': '/Users/alex/Develop/daoime/flash_speech/flash_speech_app/node_modules/.bin/.sucrase-node-UsNHlvRJ',
556 silly reify   '/Users/alex/Develop/daoime/flash_speech/flash_speech_app/node_modules/thenify-all': '/Users/alex/Develop/daoime/flash_speech/flash_speech_app/node_modules/.thenify-all-KqYIKXcK',
556 silly reify   '/Users/alex/Develop/daoime/flash_speech/flash_speech_app/node_modules/ts-interface-checker': '/Users/alex/Develop/daoime/flash_speech/flash_speech_app/node_modules/.ts-interface-checker-jFvCci3x',
556 silly reify   '/Users/alex/Develop/daoime/flash_speech/flash_speech_app/node_modules/thenify': '/Users/alex/Develop/daoime/flash_speech/flash_speech_app/node_modules/.thenify-GuHyd9GV',
556 silly reify   '/Users/alex/Develop/daoime/flash_speech/flash_speech_app/node_modules/tailwindcss': '/Users/alex/Develop/daoime/flash_speech/flash_speech_app/node_modules/.tailwindcss-pk9mdCPr',
556 silly reify   '/Users/alex/Develop/daoime/flash_speech/flash_speech_app/node_modules/.bin/tailwind': '/Users/alex/Develop/daoime/flash_speech/flash_speech_app/node_modules/.bin/.tailwind-3pbpLSd6',
556 silly reify   '/Users/alex/Develop/daoime/flash_speech/flash_speech_app/node_modules/.bin/tailwindcss': '/Users/alex/Develop/daoime/flash_speech/flash_speech_app/node_modules/.bin/.tailwindcss-riOVNosy',
556 silly reify   '/Users/alex/Develop/daoime/flash_speech/flash_speech_app/node_modules/to-regex-range': '/Users/alex/Develop/daoime/flash_speech/flash_speech_app/node_modules/.to-regex-range-yqZerMKH',
556 silly reify   '/Users/alex/Develop/daoime/flash_speech/flash_speech_app/node_modules/supports-preserve-symlinks-flag': '/Users/alex/Develop/daoime/flash_speech/flash_speech_app/node_modules/.supports-preserve-symlinks-flag-nO1fwZX5',
556 silly reify   '/Users/alex/Develop/daoime/flash_speech/flash_speech_app/node_modules/tslib': '/Users/alex/Develop/daoime/flash_speech/flash_speech_app/node_modules/.tslib-54UFcpRQ',
556 silly reify   '/Users/alex/Develop/daoime/flash_speech/flash_speech_app/node_modules/tailwind-merge': '/Users/alex/Develop/daoime/flash_speech/flash_speech_app/node_modules/.tailwind-merge-CGbxhPxy',
556 silly reify   '/Users/alex/Develop/daoime/flash_speech/flash_speech_app/node_modules/util-deprecate': '/Users/alex/Develop/daoime/flash_speech/flash_speech_app/node_modules/.util-deprecate-QP6xOsiu',
556 silly reify   '/Users/alex/Develop/daoime/flash_speech/flash_speech_app/node_modules/vite': '/Users/alex/Develop/daoime/flash_speech/flash_speech_app/node_modules/.vite-nPzGnU5H',
556 silly reify   '/Users/alex/Develop/daoime/flash_speech/flash_speech_app/node_modules/.bin/vite': '/Users/alex/Develop/daoime/flash_speech/flash_speech_app/node_modules/.bin/.vite-6Ms7GJXi',
556 silly reify   '/Users/alex/Develop/daoime/flash_speech/flash_speech_app/node_modules/undici-types': '/Users/alex/Develop/daoime/flash_speech/flash_speech_app/node_modules/.undici-types-oydvM2Z3',
556 silly reify   '/Users/alex/Develop/daoime/flash_speech/flash_speech_app/node_modules/@alloc/quick-lru': '/Users/alex/Develop/daoime/flash_speech/flash_speech_app/node_modules/@alloc/.quick-lru-h5ZBIezr',
556 silly reify   '/Users/alex/Develop/daoime/flash_speech/flash_speech_app/node_modules/@emotion/is-prop-valid': '/Users/alex/Develop/daoime/flash_speech/flash_speech_app/node_modules/@emotion/.is-prop-valid-yQ3YMe6k',
556 silly reify   '/Users/alex/Develop/daoime/flash_speech/flash_speech_app/node_modules/@esbuild/darwin-arm64': '/Users/alex/Develop/daoime/flash_speech/flash_speech_app/node_modules/@esbuild/.darwin-arm64-TVxUjPjH',
556 silly reify   '/Users/alex/Develop/daoime/flash_speech/flash_speech_app/node_modules/@emotion/memoize': '/Users/alex/Develop/daoime/flash_speech/flash_speech_app/node_modules/@emotion/.memoize-DU4RuQPb',
556 silly reify   '/Users/alex/Develop/daoime/flash_speech/flash_speech_app/node_modules/@nodelib/fs.scandir': '/Users/alex/Develop/daoime/flash_speech/flash_speech_app/node_modules/@nodelib/.fs.scandir-GZKkFMGF',
556 silly reify   '/Users/alex/Develop/daoime/flash_speech/flash_speech_app/node_modules/@nodelib/fs.stat': '/Users/alex/Develop/daoime/flash_speech/flash_speech_app/node_modules/@nodelib/.fs.stat-vLjCsyrz',
556 silly reify   '/Users/alex/Develop/daoime/flash_speech/flash_speech_app/node_modules/@nodelib/fs.walk': '/Users/alex/Develop/daoime/flash_speech/flash_speech_app/node_modules/@nodelib/.fs.walk-cu900sHY',
556 silly reify   '/Users/alex/Develop/daoime/flash_speech/flash_speech_app/node_modules/@rolldown/pluginutils': '/Users/alex/Develop/daoime/flash_speech/flash_speech_app/node_modules/@rolldown/.pluginutils-PJ7GicuX',
556 silly reify   '/Users/alex/Develop/daoime/flash_speech/flash_speech_app/node_modules/@tauri-apps/cli-darwin-arm64': '/Users/alex/Develop/daoime/flash_speech/flash_speech_app/node_modules/@tauri-apps/.cli-darwin-arm64-egKKmenT',
556 silly reify   '/Users/alex/Develop/daoime/flash_speech/flash_speech_app/node_modules/@tauri-apps/api': '/Users/alex/Develop/daoime/flash_speech/flash_speech_app/node_modules/@tauri-apps/.api-l0Lkg7ya',
556 silly reify   '/Users/alex/Develop/daoime/flash_speech/flash_speech_app/node_modules/@tauri-apps/cli': '/Users/alex/Develop/daoime/flash_speech/flash_speech_app/node_modules/@tauri-apps/.cli-YGKIi8Cq',
556 silly reify   '/Users/alex/Develop/daoime/flash_speech/flash_speech_app/node_modules/.bin/tauri': '/Users/alex/Develop/daoime/flash_speech/flash_speech_app/node_modules/.bin/.tauri-fOCGqgca',
556 silly reify   '/Users/alex/Develop/daoime/flash_speech/flash_speech_app/node_modules/@types/prop-types': '/Users/alex/Develop/daoime/flash_speech/flash_speech_app/node_modules/@types/.prop-types-GbDlnYib',
556 silly reify   '/Users/alex/Develop/daoime/flash_speech/flash_speech_app/node_modules/@types/node': '/Users/alex/Develop/daoime/flash_speech/flash_speech_app/node_modules/@types/.node-5gGfco7I',
556 silly reify   '/Users/alex/Develop/daoime/flash_speech/flash_speech_app/node_modules/@vitejs/plugin-react': '/Users/alex/Develop/daoime/flash_speech/flash_speech_app/node_modules/@vitejs/.plugin-react-314qxV2G',
556 silly reify   '/Users/alex/Develop/daoime/flash_speech/flash_speech_app/node_modules/@types/react': '/Users/alex/Develop/daoime/flash_speech/flash_speech_app/node_modules/@types/.react-1YsM8wsy',
556 silly reify   '/Users/alex/Develop/daoime/flash_speech/flash_speech_app/node_modules/@types/react-dom': '/Users/alex/Develop/daoime/flash_speech/flash_speech_app/node_modules/@types/.react-dom-Dzj0rsCg'
556 silly reify }
557 silly audit bulk request {
557 silly audit   '@babel/code-frame': [ '7.29.0' ],
557 silly audit   '@babel/compat-data': [ '7.29.0' ],
557 silly audit   '@babel/core': [ '7.29.0' ],
557 silly audit   '@babel/generator': [ '7.29.1' ],
557 silly audit   '@babel/helper-compilation-targets': [ '7.28.6' ],
557 silly audit   '@babel/helper-globals': [ '7.28.0' ],
557 silly audit   '@babel/helper-module-imports': [ '7.28.6' ],
557 silly audit   '@babel/helper-module-transforms': [ '7.28.6' ],
557 silly audit   '@babel/helper-plugin-utils': [ '7.28.6' ],
557 silly audit   '@babel/helper-string-parser': [ '7.27.1' ],
557 silly audit   '@babel/helper-validator-identifier': [ '7.28.5' ],
557 silly audit   '@babel/helper-validator-option': [ '7.27.1' ],
557 silly audit   '@babel/helpers': [ '7.28.6' ],
557 silly audit   '@babel/parser': [ '7.29.0' ],
557 silly audit   '@babel/plugin-transform-react-jsx-self': [ '7.27.1' ],
557 silly audit   '@babel/plugin-transform-react-jsx-source': [ '7.27.1' ],
557 silly audit   '@babel/template': [ '7.28.6' ],
557 silly audit   '@babel/traverse': [ '7.29.0' ],
557 silly audit   '@babel/types': [ '7.29.0' ],
557 silly audit   '@jridgewell/gen-mapping': [ '0.3.13' ],
557 silly audit   '@jridgewell/remapping': [ '2.3.5' ],
557 silly audit   '@jridgewell/resolve-uri': [ '3.1.2' ],
557 silly audit   '@jridgewell/sourcemap-codec': [ '1.5.5' ],
557 silly audit   '@jridgewell/trace-mapping': [ '0.3.31' ],
557 silly audit   semver: [ '6.3.1' ],
557 silly audit   '@types/babel__core': [ '7.20.5' ],
557 silly audit   '@types/babel__generator': [ '7.27.0' ],
557 silly audit   '@types/babel__template': [ '7.4.4' ],
557 silly audit   '@types/babel__traverse': [ '7.28.0' ],
557 silly audit   'baseline-browser-mapping': [ '2.9.19' ],
557 silly audit   browserslist: [ '4.28.1' ],
557 silly audit   'caniuse-lite': [ '1.0.30001769' ],
557 silly audit   'convert-source-map': [ '2.0.0' ],
557 silly audit   csstype: [ '3.2.3' ],
557 silly audit   debug: [ '4.4.3' ],
557 silly audit   'electron-to-chromium': [ '1.5.286' ],
557 silly audit   escalade: [ '3.2.0' ],
557 silly audit   fsevents: [ '2.3.3' ],
557 silly audit   gensync: [ '1.0.0-beta.2' ],
557 silly audit   'js-tokens': [ '4.0.0' ],
557 silly audit   jsesc: [ '3.1.0' ],
557 silly audit   json5: [ '2.2.3' ],
557 silly audit   'lru-cache': [ '5.1.1' ],
557 silly audit   ms: [ '2.1.3' ],
557 silly audit   nanoid: [ '3.3.11' ],
557 silly audit   'node-releases': [ '2.0.27' ],
557 silly audit   picocolors: [ '1.1.1' ],
557 silly audit   picomatch: [ '4.0.3' ],
557 silly audit   postcss: [ '8.5.6' ],
557 silly audit   'source-map-js': [ '1.2.1' ],
557 silly audit   tinyglobby: [ '0.2.15' ],
557 silly audit   fdir: [ '6.5.0' ],
557 silly audit   typescript: [ '5.9.3' ],
557 silly audit   'update-browserslist-db': [ '1.2.3' ],
557 silly audit   yallist: [ '3.1.1' ],
557 silly audit   '@tauri-apps/api': [ '2.10.1' ],
557 silly audit   '@tauri-apps/cli': [ '2.10.0' ],
557 silly audit   '@types/react': [ '19.2.14' ],
557 silly audit   '@types/react-dom': [ '19.2.3' ],
557 silly audit   '@vitejs/plugin-react': [ '5.1.4' ],
557 silly audit   react: [ '19.2.4' ],
557 silly audit   'react-dom': [ '19.2.4' ],
557 silly audit   vite: [ '7.3.1' ],
557 silly audit   '@tauri-apps/cli-darwin-arm64': [ '2.10.0' ],
557 silly audit   '@tauri-apps/cli-darwin-x64': [ '2.10.0' ],
557 silly audit   '@tauri-apps/cli-linux-arm-gnueabihf': [ '2.10.0' ],
557 silly audit   '@tauri-apps/cli-linux-arm64-gnu': [ '2.10.0' ],
557 silly audit   '@tauri-apps/cli-linux-arm64-musl': [ '2.10.0' ],
557 silly audit   '@tauri-apps/cli-linux-riscv64-gnu': [ '2.10.0' ],
557 silly audit   '@tauri-apps/cli-linux-x64-gnu': [ '2.10.0' ],
557 silly audit   '@tauri-apps/cli-linux-x64-musl': [ '2.10.0' ],
557 silly audit   '@tauri-apps/cli-win32-arm64-msvc': [ '2.10.0' ],
557 silly audit   '@tauri-apps/cli-win32-ia32-msvc': [ '2.10.0' ],
557 silly audit   '@tauri-apps/cli-win32-x64-msvc': [ '2.10.0' ],
557 silly audit   '@rolldown/pluginutils': [ '1.0.0-rc.3' ],
557 silly audit   'react-refresh': [ '0.18.0' ],
557 silly audit   scheduler: [ '0.27.0' ],
557 silly audit   esbuild: [ '0.27.3' ],
557 silly audit   rollup: [ '4.57.1' ],
557 silly audit   '@esbuild/aix-ppc64': [ '0.27.3' ],
557 silly audit   '@esbuild/android-arm': [ '0.27.3' ],
557 silly audit   '@esbuild/android-arm64': [ '0.27.3' ],
557 silly audit   '@esbuild/android-x64': [ '0.27.3' ],
557 silly audit   '@esbuild/darwin-arm64': [ '0.27.3' ],
557 silly audit   '@esbuild/darwin-x64': [ '0.27.3' ],
557 silly audit   '@esbuild/freebsd-arm64': [ '0.27.3' ],
557 silly audit   '@esbuild/freebsd-x64': [ '0.27.3' ],
557 silly audit   '@esbuild/linux-arm': [ '0.27.3' ],
557 silly audit   '@esbuild/linux-arm64': [ '0.27.3' ],
557 silly audit   '@esbuild/linux-ia32': [ '0.27.3' ],
557 silly audit   '@esbuild/linux-loong64': [ '0.27.3' ],
557 silly audit   '@esbuild/linux-mips64el': [ '0.27.3' ],
557 silly audit   '@esbuild/linux-ppc64': [ '0.27.3' ],
557 silly audit   '@esbuild/linux-riscv64': [ '0.27.3' ],
557 silly audit   '@esbuild/linux-s390x': [ '0.27.3' ],
557 silly audit   '@esbuild/linux-x64': [ '0.27.3' ],
557 silly audit   '@esbuild/netbsd-arm64': [ '0.27.3' ],
557 silly audit   '@esbuild/netbsd-x64': [ '0.27.3' ],
557 silly audit   '@esbuild/openbsd-arm64': [ '0.27.3' ],
557 silly audit   '@esbuild/openbsd-x64': [ '0.27.3' ],
557 silly audit   '@esbuild/openharmony-arm64': [ '0.27.3' ],
557 silly audit   '@esbuild/sunos-x64': [ '0.27.3' ],
557 silly audit   '@esbuild/win32-arm64': [ '0.27.3' ],
557 silly audit   '@esbuild/win32-ia32': [ '0.27.3' ],
557 silly audit   '@esbuild/win32-x64': [ '0.27.3' ],
557 silly audit   '@rollup/rollup-android-arm-eabi': [ '4.57.1' ],
557 silly audit   '@rollup/rollup-android-arm64': [ '4.57.1' ],
557 silly audit   '@rollup/rollup-darwin-arm64': [ '4.57.1' ],
557 silly audit   '@rollup/rollup-darwin-x64': [ '4.57.1' ],
557 silly audit   '@rollup/rollup-freebsd-arm64': [ '4.57.1' ],
557 silly audit   '@rollup/rollup-freebsd-x64': [ '4.57.1' ],
557 silly audit   '@rollup/rollup-linux-arm-gnueabihf': [ '4.57.1' ],
557 silly audit   '@rollup/rollup-linux-arm-musleabihf': [ '4.57.1' ],
557 silly audit   '@rollup/rollup-linux-arm64-gnu': [ '4.57.1' ],
557 silly audit   '@rollup/rollup-linux-arm64-musl': [ '4.57.1' ],
557 silly audit   '@rollup/rollup-linux-loong64-gnu': [ '4.57.1' ],
557 silly audit   '@rollup/rollup-linux-loong64-musl': [ '4.57.1' ],
557 silly audit   '@rollup/rollup-linux-ppc64-gnu': [ '4.57.1' ],
557 silly audit   '@rollup/rollup-linux-ppc64-musl': [ '4.57.1' ],
557 silly audit   '@rollup/rollup-linux-riscv64-gnu': [ '4.57.1' ],
557 silly audit   '@rollup/rollup-linux-riscv64-musl': [ '4.57.1' ],
557 silly audit   '@rollup/rollup-linux-s390x-gnu': [ '4.57.1' ],
557 silly audit   '@rollup/rollup-linux-x64-gnu': [ '4.57.1' ],
557 silly audit   '@rollup/rollup-linux-x64-musl': [ '4.57.1' ],
557 silly audit   '@rollup/rollup-openbsd-x64': [ '4.57.1' ],
557 silly audit   '@rollup/rollup-openharmony-arm64': [ '4.57.1' ],
557 silly audit   '@rollup/rollup-win32-arm64-msvc': [ '4.57.1' ],
557 silly audit   '@rollup/rollup-win32-ia32-msvc': [ '4.57.1' ],
557 silly audit   '@rollup/rollup-win32-x64-gnu': [ '4.57.1' ],
557 silly audit   '@rollup/rollup-win32-x64-msvc': [ '4.57.1' ],
557 silly audit   '@types/estree': [ '1.0.8' ]
557 silly audit }
558 verbose reify failed optional dependency /Users/alex/Develop/daoime/flash_speech/flash_speech_app/node_modules/@rollup/rollup-win32-x64-msvc
559 silly reify mark deleted [
559 silly reify   '/Users/alex/Develop/daoime/flash_speech/flash_speech_app/node_modules/@rollup/rollup-win32-x64-msvc'
559 silly reify ]
560 verbose reify failed optional dependency /Users/alex/Develop/daoime/flash_speech/flash_speech_app/node_modules/@rollup/rollup-win32-x64-gnu
561 silly reify mark deleted [
561 silly reify   '/Users/alex/Develop/daoime/flash_speech/flash_speech_app/node_modules/@rollup/rollup-win32-x64-gnu'
561 silly reify ]
562 verbose reify failed optional dependency /Users/alex/Develop/daoime/flash_speech/flash_speech_app/node_modules/@rollup/rollup-win32-ia32-msvc
563 silly reify mark deleted [
563 silly reify   '/Users/alex/Develop/daoime/flash_speech/flash_speech_app/node_modules/@rollup/rollup-win32-ia32-msvc'
563 silly reify ]
564 verbose reify failed optional dependency /Users/alex/Develop/daoime/flash_speech/flash_speech_app/node_modules/@rollup/rollup-win32-arm64-msvc
565 silly reify mark deleted [
565 silly reify   '/Users/alex/Develop/daoime/flash_speech/flash_speech_app/node_modules/@rollup/rollup-win32-arm64-msvc'
565 silly reify ]
566 verbose reify failed optional dependency /Users/alex/Develop/daoime/flash_speech/flash_speech_app/node_modules/@rollup/rollup-openharmony-arm64
567 silly reify mark deleted [
567 silly reify   '/Users/alex/Develop/daoime/flash_speech/flash_speech_app/node_modules/@rollup/rollup-openharmony-arm64'
567 silly reify ]
568 verbose reify failed optional dependency /Users/alex/Develop/daoime/flash_speech/flash_speech_app/node_modules/@rollup/rollup-openbsd-x64
569 silly reify mark deleted [
569 silly reify   '/Users/alex/Develop/daoime/flash_speech/flash_speech_app/node_modules/@rollup/rollup-openbsd-x64'
569 silly reify ]
570 verbose reify failed optional dependency /Users/alex/Develop/daoime/flash_speech/flash_speech_app/node_modules/@rollup/rollup-linux-x64-musl
571 silly reify mark deleted [
571 silly reify   '/Users/alex/Develop/daoime/flash_speech/flash_speech_app/node_modules/@rollup/rollup-linux-x64-musl'
571 silly reify ]
572 verbose reify failed optional dependency /Users/alex/Develop/daoime/flash_speech/flash_speech_app/node_modules/@rollup/rollup-linux-x64-gnu
573 silly reify mark deleted [
573 silly reify   '/Users/alex/Develop/daoime/flash_speech/flash_speech_app/node_modules/@rollup/rollup-linux-x64-gnu'
573 silly reify ]
574 verbose reify failed optional dependency /Users/alex/Develop/daoime/flash_speech/flash_speech_app/node_modules/@rollup/rollup-linux-s390x-gnu
575 silly reify mark deleted [
575 silly reify   '/Users/alex/Develop/daoime/flash_speech/flash_speech_app/node_modules/@rollup/rollup-linux-s390x-gnu'
575 silly reify ]
576 verbose reify failed optional dependency /Users/alex/Develop/daoime/flash_speech/flash_speech_app/node_modules/@rollup/rollup-linux-riscv64-musl
577 silly reify mark deleted [
577 silly reify   '/Users/alex/Develop/daoime/flash_speech/flash_speech_app/node_modules/@rollup/rollup-linux-riscv64-musl'
577 silly reify ]
578 verbose reify failed optional dependency /Users/alex/Develop/daoime/flash_speech/flash_speech_app/node_modules/@rollup/rollup-linux-riscv64-gnu
579 silly reify mark deleted [
579 silly reify   '/Users/alex/Develop/daoime/flash_speech/flash_speech_app/node_modules/@rollup/rollup-linux-riscv64-gnu'
579 silly reify ]
580 verbose reify failed optional dependency /Users/alex/Develop/daoime/flash_speech/flash_speech_app/node_modules/@rollup/rollup-linux-ppc64-musl
581 silly reify mark deleted [
581 silly reify   '/Users/alex/Develop/daoime/flash_speech/flash_speech_app/node_modules/@rollup/rollup-linux-ppc64-musl'
581 silly reify ]
582 verbose reify failed optional dependency /Users/alex/Develop/daoime/flash_speech/flash_speech_app/node_modules/@rollup/rollup-linux-ppc64-gnu
583 silly reify mark deleted [
583 silly reify   '/Users/alex/Develop/daoime/flash_speech/flash_speech_app/node_modules/@rollup/rollup-linux-ppc64-gnu'
583 silly reify ]
584 verbose reify failed optional dependency /Users/alex/Develop/daoime/flash_speech/flash_speech_app/node_modules/@rollup/rollup-linux-loong64-musl
585 silly reify mark deleted [
585 silly reify   '/Users/alex/Develop/daoime/flash_speech/flash_speech_app/node_modules/@rollup/rollup-linux-loong64-musl'
585 silly reify ]
586 verbose reify failed optional dependency /Users/alex/Develop/daoime/flash_speech/flash_speech_app/node_modules/@rollup/rollup-linux-loong64-gnu
587 silly reify mark deleted [
587 silly reify   '/Users/alex/Develop/daoime/flash_speech/flash_speech_app/node_modules/@rollup/rollup-linux-loong64-gnu'
587 silly reify ]
588 verbose reify failed optional dependency /Users/alex/Develop/daoime/flash_speech/flash_speech_app/node_modules/@rollup/rollup-linux-arm64-musl
589 silly reify mark deleted [
589 silly reify   '/Users/alex/Develop/daoime/flash_speech/flash_speech_app/node_modules/@rollup/rollup-linux-arm64-musl'
589 silly reify ]
590 verbose reify failed optional dependency /Users/alex/Develop/daoime/flash_speech/flash_speech_app/node_modules/@rollup/rollup-linux-arm64-gnu
591 silly reify mark deleted [
591 silly reify   '/Users/alex/Develop/daoime/flash_speech/flash_speech_app/node_modules/@rollup/rollup-linux-arm64-gnu'
591 silly reify ]
592 verbose reify failed optional dependency /Users/alex/Develop/daoime/flash_speech/flash_speech_app/node_modules/@rollup/rollup-linux-arm-musleabihf
593 silly reify mark deleted [
593 silly reify   '/Users/alex/Develop/daoime/flash_speech/flash_speech_app/node_modules/@rollup/rollup-linux-arm-musleabihf'
593 silly reify ]
594 verbose reify failed optional dependency /Users/alex/Develop/daoime/flash_speech/flash_speech_app/node_modules/@rollup/rollup-linux-arm-gnueabihf
595 silly reify mark deleted [
595 silly reify   '/Users/alex/Develop/daoime/flash_speech/flash_speech_app/node_modules/@rollup/rollup-linux-arm-gnueabihf'
595 silly reify ]
596 verbose reify failed optional dependency /Users/alex/Develop/daoime/flash_speech/flash_speech_app/node_modules/@rollup/rollup-freebsd-x64
597 silly reify mark deleted [
597 silly reify   '/Users/alex/Develop/daoime/flash_speech/flash_speech_app/node_modules/@rollup/rollup-freebsd-x64'
597 silly reify ]
598 verbose reify failed optional dependency /Users/alex/Develop/daoime/flash_speech/flash_speech_app/node_modules/@rollup/rollup-freebsd-arm64
599 silly reify mark deleted [
599 silly reify   '/Users/alex/Develop/daoime/flash_speech/flash_speech_app/node_modules/@rollup/rollup-freebsd-arm64'
599 silly reify ]
600 verbose reify failed optional dependency /Users/alex/Develop/daoime/flash_speech/flash_speech_app/node_modules/@rollup/rollup-darwin-x64
601 silly reify mark deleted [
601 silly reify   '/Users/alex/Develop/daoime/flash_speech/flash_speech_app/node_modules/@rollup/rollup-darwin-x64'
601 silly reify ]
602 verbose reify failed optional dependency /Users/alex/Develop/daoime/flash_speech/flash_speech_app/node_modules/@rollup/rollup-android-arm64
603 silly reify mark deleted [
603 silly reify   '/Users/alex/Develop/daoime/flash_speech/flash_speech_app/node_modules/@rollup/rollup-android-arm64'
603 silly reify ]
604 verbose reify failed optional dependency /Users/alex/Develop/daoime/flash_speech/flash_speech_app/node_modules/@rollup/rollup-android-arm-eabi
605 silly reify mark deleted [
605 silly reify   '/Users/alex/Develop/daoime/flash_speech/flash_speech_app/node_modules/@rollup/rollup-android-arm-eabi'
605 silly reify ]
606 verbose reify failed optional dependency /Users/alex/Develop/daoime/flash_speech/flash_speech_app/node_modules/@esbuild/win32-x64
607 silly reify mark deleted [
607 silly reify   '/Users/alex/Develop/daoime/flash_speech/flash_speech_app/node_modules/@esbuild/win32-x64'
607 silly reify ]
608 verbose reify failed optional dependency /Users/alex/Develop/daoime/flash_speech/flash_speech_app/node_modules/@esbuild/win32-ia32
609 silly reify mark deleted [
609 silly reify   '/Users/alex/Develop/daoime/flash_speech/flash_speech_app/node_modules/@esbuild/win32-ia32'
609 silly reify ]
610 verbose reify failed optional dependency /Users/alex/Develop/daoime/flash_speech/flash_speech_app/node_modules/@esbuild/win32-arm64
611 silly reify mark deleted [
611 silly reify   '/Users/alex/Develop/daoime/flash_speech/flash_speech_app/node_modules/@esbuild/win32-arm64'
611 silly reify ]
612 verbose reify failed optional dependency /Users/alex/Develop/daoime/flash_speech/flash_speech_app/node_modules/@esbuild/sunos-x64
613 silly reify mark deleted [
613 silly reify   '/Users/alex/Develop/daoime/flash_speech/flash_speech_app/node_modules/@esbuild/sunos-x64'
613 silly reify ]
614 verbose reify failed optional dependency /Users/alex/Develop/daoime/flash_speech/flash_speech_app/node_modules/@esbuild/openharmony-arm64
615 silly reify mark deleted [
615 silly reify   '/Users/alex/Develop/daoime/flash_speech/flash_speech_app/node_modules/@esbuild/openharmony-arm64'
615 silly reify ]
616 verbose reify failed optional dependency /Users/alex/Develop/daoime/flash_speech/flash_speech_app/node_modules/@esbuild/openbsd-x64
617 silly reify mark deleted [
617 silly reify   '/Users/alex/Develop/daoime/flash_speech/flash_speech_app/node_modules/@esbuild/openbsd-x64'
617 silly reify ]
618 verbose reify failed optional dependency /Users/alex/Develop/daoime/flash_speech/flash_speech_app/node_modules/@esbuild/openbsd-arm64
619 silly reify mark deleted [
619 silly reify   '/Users/alex/Develop/daoime/flash_speech/flash_speech_app/node_modules/@esbuild/openbsd-arm64'
619 silly reify ]
620 verbose reify failed optional dependency /Users/alex/Develop/daoime/flash_speech/flash_speech_app/node_modules/@esbuild/netbsd-x64
621 silly reify mark deleted [
621 silly reify   '/Users/alex/Develop/daoime/flash_speech/flash_speech_app/node_modules/@esbuild/netbsd-x64'
621 silly reify ]
622 verbose reify failed optional dependency /Users/alex/Develop/daoime/flash_speech/flash_speech_app/node_modules/@esbuild/netbsd-arm64
623 silly reify mark deleted [
623 silly reify   '/Users/alex/Develop/daoime/flash_speech/flash_speech_app/node_modules/@esbuild/netbsd-arm64'
623 silly reify ]
624 verbose reify failed optional dependency /Users/alex/Develop/daoime/flash_speech/flash_speech_app/node_modules/@esbuild/linux-x64
625 silly reify mark deleted [
625 silly reify   '/Users/alex/Develop/daoime/flash_speech/flash_speech_app/node_modules/@esbuild/linux-x64'
625 silly reify ]
626 verbose reify failed optional dependency /Users/alex/Develop/daoime/flash_speech/flash_speech_app/node_modules/@esbuild/linux-s390x
627 silly reify mark deleted [
627 silly reify   '/Users/alex/Develop/daoime/flash_speech/flash_speech_app/node_modules/@esbuild/linux-s390x'
627 silly reify ]
628 verbose reify failed optional dependency /Users/alex/Develop/daoime/flash_speech/flash_speech_app/node_modules/@esbuild/linux-riscv64
629 silly reify mark deleted [
629 silly reify   '/Users/alex/Develop/daoime/flash_speech/flash_speech_app/node_modules/@esbuild/linux-riscv64'
629 silly reify ]
630 verbose reify failed optional dependency /Users/alex/Develop/daoime/flash_speech/flash_speech_app/node_modules/@esbuild/linux-ppc64
631 silly reify mark deleted [
631 silly reify   '/Users/alex/Develop/daoime/flash_speech/flash_speech_app/node_modules/@esbuild/linux-ppc64'
631 silly reify ]
632 verbose reify failed optional dependency /Users/alex/Develop/daoime/flash_speech/flash_speech_app/node_modules/@esbuild/linux-mips64el
633 silly reify mark deleted [
633 silly reify   '/Users/alex/Develop/daoime/flash_speech/flash_speech_app/node_modules/@esbuild/linux-mips64el'
633 silly reify ]
634 verbose reify failed optional dependency /Users/alex/Develop/daoime/flash_speech/flash_speech_app/node_modules/@esbuild/linux-loong64
635 silly reify mark deleted [
635 silly reify   '/Users/alex/Develop/daoime/flash_speech/flash_speech_app/node_modules/@esbuild/linux-loong64'
635 silly reify ]
636 verbose reify failed optional dependency /Users/alex/Develop/daoime/flash_speech/flash_speech_app/node_modules/@esbuild/linux-ia32
637 silly reify mark deleted [
637 silly reify   '/Users/alex/Develop/daoime/flash_speech/flash_speech_app/node_modules/@esbuild/linux-ia32'
637 silly reify ]
638 verbose reify failed optional dependency /Users/alex/Develop/daoime/flash_speech/flash_speech_app/node_modules/@esbuild/linux-arm64
639 silly reify mark deleted [
639 silly reify   '/Users/alex/Develop/daoime/flash_speech/flash_speech_app/node_modules/@esbuild/linux-arm64'
639 silly reify ]
640 verbose reify failed optional dependency /Users/alex/Develop/daoime/flash_speech/flash_speech_app/node_modules/@esbuild/linux-arm
641 silly reify mark deleted [
641 silly reify   '/Users/alex/Develop/daoime/flash_speech/flash_speech_app/node_modules/@esbuild/linux-arm'
641 silly reify ]
642 verbose reify failed optional dependency /Users/alex/Develop/daoime/flash_speech/flash_speech_app/node_modules/@esbuild/freebsd-x64
643 silly reify mark deleted [
643 silly reify   '/Users/alex/Develop/daoime/flash_speech/flash_speech_app/node_modules/@esbuild/freebsd-x64'
643 silly reify ]
644 verbose reify failed optional dependency /Users/alex/Develop/daoime/flash_speech/flash_speech_app/node_modules/@esbuild/freebsd-arm64
645 silly reify mark deleted [
645 silly reify   '/Users/alex/Develop/daoime/flash_speech/flash_speech_app/node_modules/@esbuild/freebsd-arm64'
645 silly reify ]
646 verbose reify failed optional dependency /Users/alex/Develop/daoime/flash_speech/flash_speech_app/node_modules/@esbuild/darwin-x64
647 silly reify mark deleted [
647 silly reify   '/Users/alex/Develop/daoime/flash_speech/flash_speech_app/node_modules/@esbuild/darwin-x64'
647 silly reify ]
648 verbose reify failed optional dependency /Users/alex/Develop/daoime/flash_speech/flash_speech_app/node_modules/@esbuild/android-x64
649 silly reify mark deleted [
649 silly reify   '/Users/alex/Develop/daoime/flash_speech/flash_speech_app/node_modules/@esbuild/android-x64'
649 silly reify ]
650 verbose reify failed optional dependency /Users/alex/Develop/daoime/flash_speech/flash_speech_app/node_modules/@esbuild/android-arm64
651 silly reify mark deleted [
651 silly reify   '/Users/alex/Develop/daoime/flash_speech/flash_speech_app/node_modules/@esbuild/android-arm64'
651 silly reify ]
652 verbose reify failed optional dependency /Users/alex/Develop/daoime/flash_speech/flash_speech_app/node_modules/@esbuild/android-arm
653 silly reify mark deleted [
653 silly reify   '/Users/alex/Develop/daoime/flash_speech/flash_speech_app/node_modules/@esbuild/android-arm'
653 silly reify ]
654 verbose reify failed optional dependency /Users/alex/Develop/daoime/flash_speech/flash_speech_app/node_modules/@esbuild/aix-ppc64
655 silly reify mark deleted [
655 silly reify   '/Users/alex/Develop/daoime/flash_speech/flash_speech_app/node_modules/@esbuild/aix-ppc64'
655 silly reify ]
656 verbose reify failed optional dependency /Users/alex/Develop/daoime/flash_speech/flash_speech_app/node_modules/@tauri-apps/cli-win32-x64-msvc
657 silly reify mark deleted [
657 silly reify   '/Users/alex/Develop/daoime/flash_speech/flash_speech_app/node_modules/@tauri-apps/cli-win32-x64-msvc'
657 silly reify ]
658 verbose reify failed optional dependency /Users/alex/Develop/daoime/flash_speech/flash_speech_app/node_modules/@tauri-apps/cli-win32-ia32-msvc
659 silly reify mark deleted [
659 silly reify   '/Users/alex/Develop/daoime/flash_speech/flash_speech_app/node_modules/@tauri-apps/cli-win32-ia32-msvc'
659 silly reify ]
660 verbose reify failed optional dependency /Users/alex/Develop/daoime/flash_speech/flash_speech_app/node_modules/@tauri-apps/cli-win32-arm64-msvc
661 silly reify mark deleted [
661 silly reify   '/Users/alex/Develop/daoime/flash_speech/flash_speech_app/node_modules/@tauri-apps/cli-win32-arm64-msvc'
661 silly reify ]
662 verbose reify failed optional dependency /Users/alex/Develop/daoime/flash_speech/flash_speech_app/node_modules/@tauri-apps/cli-linux-x64-musl
663 silly reify mark deleted [
663 silly reify   '/Users/alex/Develop/daoime/flash_speech/flash_speech_app/node_modules/@tauri-apps/cli-linux-x64-musl'
663 silly reify ]
664 verbose reify failed optional dependency /Users/alex/Develop/daoime/flash_speech/flash_speech_app/node_modules/@tauri-apps/cli-linux-x64-gnu
665 silly reify mark deleted [
665 silly reify   '/Users/alex/Develop/daoime/flash_speech/flash_speech_app/node_modules/@tauri-apps/cli-linux-x64-gnu'
665 silly reify ]
666 verbose reify failed optional dependency /Users/alex/Develop/daoime/flash_speech/flash_speech_app/node_modules/@tauri-apps/cli-linux-riscv64-gnu
667 silly reify mark deleted [
667 silly reify   '/Users/alex/Develop/daoime/flash_speech/flash_speech_app/node_modules/@tauri-apps/cli-linux-riscv64-gnu'
667 silly reify ]
668 verbose reify failed optional dependency /Users/alex/Develop/daoime/flash_speech/flash_speech_app/node_modules/@tauri-apps/cli-linux-arm64-musl
669 silly reify mark deleted [
669 silly reify   '/Users/alex/Develop/daoime/flash_speech/flash_speech_app/node_modules/@tauri-apps/cli-linux-arm64-musl'
669 silly reify ]
670 verbose reify failed optional dependency /Users/alex/Develop/daoime/flash_speech/flash_speech_app/node_modules/@tauri-apps/cli-linux-arm64-gnu
671 silly reify mark deleted [
671 silly reify   '/Users/alex/Develop/daoime/flash_speech/flash_speech_app/node_modules/@tauri-apps/cli-linux-arm64-gnu'
671 silly reify ]
672 verbose reify failed optional dependency /Users/alex/Develop/daoime/flash_speech/flash_speech_app/node_modules/@tauri-apps/cli-linux-arm-gnueabihf
673 silly reify mark deleted [
673 silly reify   '/Users/alex/Develop/daoime/flash_speech/flash_speech_app/node_modules/@tauri-apps/cli-linux-arm-gnueabihf'
673 silly reify ]
674 verbose reify failed optional dependency /Users/alex/Develop/daoime/flash_speech/flash_speech_app/node_modules/@tauri-apps/cli-darwin-x64
675 silly reify mark deleted [
675 silly reify   '/Users/alex/Develop/daoime/flash_speech/flash_speech_app/node_modules/@tauri-apps/cli-darwin-x64'
675 silly reify ]
676 http cache @tauri-apps/cli@https://registry.npmmirror.com/@tauri-apps/cli/-/cli-2.10.0.tgz 0ms (cache hit)
677 http cache @types/estree@https://registry.npmmirror.com/@types/estree/-/estree-1.0.8.tgz 0ms (cache hit)
678 http cache fsevents@https://registry.npmmirror.com/fsevents/-/fsevents-2.3.3.tgz 0ms (cache hit)
679 http cache @rollup/rollup-darwin-arm64@https://registry.npmmirror.com/@rollup/rollup-darwin-arm64/-/rollup-darwin-arm64-4.57.1.tgz 0ms (cache hit)
680 http cache @types/react@https://registry.npmmirror.com/@types/react/-/react-19.2.14.tgz 0ms (cache hit)
681 http cache @vitejs/plugin-react@https://registry.npmmirror.com/@vitejs/plugin-react/-/plugin-react-5.1.4.tgz 0ms (cache hit)
682 http cache @tauri-apps/api@https://registry.npmmirror.com/@tauri-apps/api/-/api-2.10.1.tgz 0ms (cache hit)
683 http cache @rolldown/pluginutils@https://registry.npmmirror.com/@rolldown/pluginutils/-/pluginutils-1.0.0-rc.3.tgz 0ms (cache hit)
684 http cache @tauri-apps/cli-darwin-arm64@https://registry.npmmirror.com/@tauri-apps/cli-darwin-arm64/-/cli-darwin-arm64-2.10.0.tgz 0ms (cache hit)
685 http cache vite@https://registry.npmmirror.com/vite/-/vite-7.3.1.tgz 0ms (cache hit)
686 http cache @types/react-dom@https://registry.npmmirror.com/@types/react-dom/-/react-dom-19.2.3.tgz 0ms (cache hit)
687 http cache @esbuild/darwin-arm64@https://registry.npmmirror.com/@esbuild/darwin-arm64/-/darwin-arm64-0.27.3.tgz 0ms (cache hit)
688 http cache scheduler@https://registry.npmmirror.com/scheduler/-/scheduler-0.27.0.tgz 0ms (cache hit)
689 http cache rollup@https://registry.npmmirror.com/rollup/-/rollup-4.57.1.tgz 0ms (cache hit)
690 http cache react-dom@https://registry.npmmirror.com/react-dom/-/react-dom-19.2.4.tgz 0ms (cache hit)
691 http cache react-refresh@https://registry.npmmirror.com/react-refresh/-/react-refresh-0.18.0.tgz 0ms (cache hit)
692 http cache fdir@https://registry.npmmirror.com/fdir/-/fdir-6.5.0.tgz 0ms (cache hit)
693 http cache picomatch@https://registry.npmmirror.com/picomatch/-/picomatch-4.0.3.tgz 0ms (cache hit)
694 http cache react@https://registry.npmmirror.com/react/-/react-19.2.4.tgz 0ms (cache hit)
695 http cache esbuild@https://registry.npmmirror.com/esbuild/-/esbuild-0.27.3.tgz 0ms (cache hit)
696 http fetch POST 404 https://registry.npmmirror.com/-/npm/v1/security/advisories/bulk 197ms
697 verbose audit error HttpErrorGeneral: 404 Not Found - POST https://registry.npmmirror.com/-/npm/v1/security/advisories/bulk - [NOT_IMPLEMENTED] /-/npm/v1/security/* not implemented yet
697 verbose audit error     at /Users/alex/.npm-global/lib/node_modules/npm/node_modules/npm-registry-fetch/lib/check-response.js:103:15
697 verbose audit error     at process.processTicksAndRejections (node:internal/process/task_queues:105:5)
697 verbose audit error     at async #getReport (/Users/alex/.npm-global/lib/node_modules/npm/node_modules/@npmcli/arborist/lib/audit-report.js:275:19)
697 verbose audit error     at async AuditReport.run (/Users/alex/.npm-global/lib/node_modules/npm/node_modules/@npmcli/arborist/lib/audit-report.js:100:19) {
697 verbose audit error   headers: [Object: null prototype] {
697 verbose audit error     server: [ 'Tengine' ],
697 verbose audit error     date: [ 'Wed, 11 Feb 2026 17:36:24 GMT' ],
697 verbose audit error     'content-type': [ 'application/json' ],
697 verbose audit error     'transfer-encoding': [ 'chunked' ],
697 verbose audit error     connection: [ 'keep-alive' ],
697 verbose audit error     'strict-transport-security': [ 'max-age=5184000' ],
697 verbose audit error     via: [ 'kunlun5.cn9039[,404666]' ],
697 verbose audit error     'timing-allow-origin': [ '*' ],
697 verbose audit error     eagleid: [ '78e9180a17708313847196670e' ],
697 verbose audit error     'x-fetch-attempts': [ '1' ]
697 verbose audit error   },
697 verbose audit error   statusCode: 404,
697 verbose audit error   code: 'E404',
697 verbose audit error   method: 'POST',
697 verbose audit error   uri: 'https://registry.npmmirror.com/-/npm/v1/security/advisories/bulk',
697 verbose audit error   body: {
697 verbose audit error     error: '[NOT_IMPLEMENTED] /-/npm/v1/security/* not implemented yet'
697 verbose audit error   },
697 verbose audit error   pkgid: undefined
697 verbose audit error }
698 silly audit error [object Object]
699 silly audit report null
700 info run esbuild@0.27.3 postinstall node_modules/esbuild node install.js
701 info run esbuild@0.27.3 postinstall { code: 0, signal: null }
702 silly ADD node_modules/@types/estree
703 silly ADD node_modules/@rollup/rollup-win32-x64-msvc
704 silly ADD node_modules/@rollup/rollup-win32-x64-gnu
705 silly ADD node_modules/@rollup/rollup-win32-ia32-msvc
706 silly ADD node_modules/@rollup/rollup-win32-arm64-msvc
707 silly ADD node_modules/@rollup/rollup-openharmony-arm64
708 silly ADD node_modules/@rollup/rollup-openbsd-x64
709 silly ADD node_modules/@rollup/rollup-linux-x64-musl
710 silly ADD node_modules/@rollup/rollup-linux-x64-gnu
711 silly ADD node_modules/@rollup/rollup-linux-s390x-gnu
712 silly ADD node_modules/@rollup/rollup-linux-riscv64-musl
713 silly ADD node_modules/@rollup/rollup-linux-riscv64-gnu
714 silly ADD node_modules/@rollup/rollup-linux-ppc64-musl
715 silly ADD node_modules/@rollup/rollup-linux-ppc64-gnu
716 silly ADD node_modules/@rollup/rollup-linux-loong64-musl
717 silly ADD node_modules/@rollup/rollup-linux-loong64-gnu
718 silly ADD node_modules/@rollup/rollup-linux-arm64-musl
719 silly ADD node_modules/@rollup/rollup-linux-arm64-gnu
720 silly ADD node_modules/@rollup/rollup-linux-arm-musleabihf
721 silly ADD node_modules/@rollup/rollup-linux-arm-gnueabihf
722 silly ADD node_modules/@rollup/rollup-freebsd-x64
723 silly ADD node_modules/@rollup/rollup-freebsd-arm64
724 silly ADD node_modules/@rollup/rollup-darwin-x64
725 silly ADD node_modules/@rollup/rollup-darwin-arm64
726 silly ADD node_modules/@rollup/rollup-android-arm64
727 silly ADD node_modules/@rollup/rollup-android-arm-eabi
728 silly ADD node_modules/@esbuild/win32-x64
729 silly ADD node_modules/@esbuild/win32-ia32
730 silly ADD node_modules/@esbuild/win32-arm64
731 silly ADD node_modules/@esbuild/sunos-x64
732 silly ADD node_modules/@esbuild/openharmony-arm64
733 silly ADD node_modules/@esbuild/openbsd-x64
734 silly ADD node_modules/@esbuild/openbsd-arm64
735 silly ADD node_modules/@esbuild/netbsd-x64
736 silly ADD node_modules/@esbuild/netbsd-arm64
737 silly ADD node_modules/@esbuild/linux-x64
738 silly ADD node_modules/@esbuild/linux-s390x
739 silly ADD node_modules/@esbuild/linux-riscv64
740 silly ADD node_modules/@esbuild/linux-ppc64
741 silly ADD node_modules/@esbuild/linux-mips64el
742 silly ADD node_modules/@esbuild/linux-loong64
743 silly ADD node_modules/@esbuild/linux-ia32
744 silly ADD node_modules/@esbuild/linux-arm64
745 silly ADD node_modules/@esbuild/linux-arm
746 silly ADD node_modules/@esbuild/freebsd-x64
747 silly ADD node_modules/@esbuild/freebsd-arm64
748 silly ADD node_modules/@esbuild/darwin-x64
749 silly ADD node_modules/@esbuild/android-x64
750 silly ADD node_modules/@esbuild/android-arm64
751 silly ADD node_modules/@esbuild/android-arm
752 silly ADD node_modules/@esbuild/aix-ppc64
753 silly ADD node_modules/@tauri-apps/cli-win32-x64-msvc
754 silly ADD node_modules/@tauri-apps/cli-win32-ia32-msvc
755 silly ADD node_modules/@tauri-apps/cli-win32-arm64-msvc
756 silly ADD node_modules/@tauri-apps/cli-linux-x64-musl
757 silly ADD node_modules/@tauri-apps/cli-linux-x64-gnu
758 silly ADD node_modules/@tauri-apps/cli-linux-riscv64-gnu
759 silly ADD node_modules/@tauri-apps/cli-linux-arm64-musl
760 silly ADD node_modules/@tauri-apps/cli-linux-arm64-gnu
761 silly ADD node_modules/@tauri-apps/cli-linux-arm-gnueabihf
762 silly ADD node_modules/@tauri-apps/cli-darwin-x64
763 silly ADD node_modules/fsevents
764 silly CHANGE node_modules/@types/react-dom
765 silly CHANGE node_modules/@types/react
766 silly CHANGE node_modules/@vitejs/plugin-react
767 silly REMOVE node_modules/@types/node
768 silly REMOVE node_modules/@types/prop-types
769 silly CHANGE node_modules/@tauri-apps/cli
770 silly REMOVE node_modules/@tauri-apps/cli/node_modules/semver
771 silly CHANGE node_modules/@tauri-apps/api
772 silly CHANGE node_modules/@tauri-apps/cli-darwin-arm64
773 silly CHANGE node_modules/@rolldown/pluginutils
774 silly REMOVE node_modules/@nodelib/fs.walk
775 silly REMOVE node_modules/@nodelib/fs.stat
776 silly REMOVE node_modules/@nodelib/fs.scandir
777 silly REMOVE node_modules/@emotion/memoize
778 silly CHANGE node_modules/@esbuild/darwin-arm64
779 silly REMOVE node_modules/@emotion/is-prop-valid
780 silly REMOVE node_modules/@alloc/quick-lru
781 silly REMOVE node_modules/undici-types
782 silly CHANGE node_modules/vite
783 silly ADD node_modules/vite/node_modules/picomatch
784 silly ADD node_modules/vite/node_modules/fdir
785 silly REMOVE node_modules/util-deprecate
786 silly REMOVE node_modules/tailwind-merge
787 silly REMOVE node_modules/tslib
788 silly REMOVE node_modules/supports-preserve-symlinks-flag
789 silly REMOVE node_modules/to-regex-range
790 silly REMOVE node_modules/tailwindcss
791 silly REMOVE node_modules/thenify
792 silly REMOVE node_modules/ts-interface-checker
793 silly REMOVE node_modules/thenify-all
794 silly REMOVE node_modules/sucrase
795 silly REMOVE node_modules/resolve
796 silly CHANGE node_modules/rollup
797 silly REMOVE node_modules/read-cache
798 silly REMOVE node_modules/run-parallel
799 silly CHANGE node_modules/scheduler
800 silly REMOVE node_modules/reusify
801 silly REMOVE node_modules/mz
802 silly CHANGE node_modules/react-refresh
803 silly REMOVE node_modules/readdirp
804 silly CHANGE node_modules/react-dom
805 silly REMOVE node_modules/pify
806 silly REMOVE node_modules/queue-microtask
807 silly REMOVE node_modules/postcss-value-parser
808 silly CHANGE node_modules/react
809 silly REMOVE node_modules/postcss-selector-parser
810 silly REMOVE node_modules/postcss-load-config
811 silly REMOVE node_modules/postcss-nested
812 silly REMOVE node_modules/is-binary-path
813 silly REMOVE node_modules/picomatch
814 silly REMOVE node_modules/pirates
815 silly REMOVE node_modules/postcss-js
816 silly REMOVE node_modules/postcss-import
817 silly REMOVE node_modules/micromatch
818 silly REMOVE node_modules/path-parse
819 silly REMOVE node_modules/normalize-path
820 silly REMOVE node_modules/object-hash
821 silly REMOVE node_modules/object-assign
822 silly REMOVE node_modules/merge2
823 silly REMOVE node_modules/lines-and-columns
824 silly REMOVE node_modules/lucide-react
825 silly REMOVE node_modules/loose-envify
826 silly REMOVE node_modules/lilconfig
827 silly REMOVE node_modules/is-number
828 silly REMOVE node_modules/is-extglob
829 silly REMOVE node_modules/jiti
830 silly REMOVE node_modules/is-glob
831 silly REMOVE node_modules/glob-parent
832 silly REMOVE node_modules/is-core-module
833 silly REMOVE node_modules/hasown
834 silly REMOVE node_modules/function-bind
835 silly REMOVE node_modules/framer-motion
836 silly REMOVE node_modules/fraction.js
837 silly REMOVE node_modules/fill-range
838 silly REMOVE node_modules/fastq
839 silly CHANGE node_modules/esbuild
840 silly REMOVE node_modules/fast-glob
841 silly REMOVE node_modules/fast-glob/node_modules/glob-parent
842 silly REMOVE node_modules/dlv
843 silly REMOVE node_modules/didyoumean
844 silly REMOVE node_modules/clsx
845 silly REMOVE node_modules/cssesc
846 silly REMOVE node_modules/commander
847 silly REMOVE node_modules/chokidar
848 silly REMOVE node_modules/chokidar/node_modules/glob-parent
849 silly REMOVE node_modules/camelcase-css
850 silly REMOVE node_modules/arg
851 silly REMOVE node_modules/anymatch
852 silly REMOVE node_modules/braces
853 silly REMOVE node_modules/binary-extensions
854 silly REMOVE node_modules/any-promise
855 silly REMOVE node_modules/autoprefixer
856 verbose cwd /Users/alex/Develop/daoime/flash_speech/flash_speech_app
857 verbose os Darwin 25.3.0
858 verbose node v22.17.1
859 verbose npm  v11.5.2
860 verbose exit 0
861 info ok
